action_id,constituent_id,action_number,category,action_date,summary,fundraiser_id
1,1,1,Meeting,2026-04-13,Coffee meeting downtown,1
2,1,2,Portfolio Review,2026-03-11,Pre-ask strategy session,1
3,1,3,Email,2025-12-28,Holiday greeting,1
4,1,4,Portfolio Review,2025-12-23,Reviewed prospect strategy with team,1
5,1,5,Site Visit,2025-10-22,Athletic facility tour,1
6,1,6,Meeting,2025-10-16,Follow-up meeting re: proposal,1
7,1,7,Portfolio Review,2025-07-21,Strategy call with leadership,1
8,1,8,Site Visit,2024-12-24,Campus tour with family,1
9,1,9,Site Visit,2024-12-07,Campus tour with family,1
10,1,10,Portfolio Review,2023-11-29,Strategy call with leadership,1
11,1,11,Meeting,2023-11-20,Follow-up meeting re: proposal,1
12,1,12,Phone Call,2023-08-06,Check-in call,1
13,1,13,Site Visit,2023-03-08,Arts center opening,1
14,1,14,Site Visit,2022-10-18,Toured new building,1
15,1,15,Event Attendance,2022-09-22,Campaign kickoff event,1
16,2,1,Email,2026-01-28,Event invitation,1
17,2,2,Site Visit,2025-11-17,Visited endowed professorship,1
18,2,3,Email,2024-09-08,Shared news article of interest,1
19,2,4,Phone Call,2024-07-08,Called to share impact story,1
20,2,5,Meeting,2024-05-03,Discussed naming opportunity,1
21,2,6,Portfolio Review,2024-02-21,Internal portfolio review,1
22,2,7,Email,2023-05-23,Updated on campaign progress,1
23,2,8,Meeting,2022-11-04,Campus visit scheduled,1
24,2,9,Portfolio Review,2022-10-04,Reviewed prospect strategy with team,1
25,2,10,Site Visit,2022-07-25,Toured new building,1
26,3,1,Meeting,2026-03-09,Year-end thank-you lunch,1
27,3,2,Event Attendance,2025-08-08,Alumni leadership weekend,1
28,3,3,Site Visit,2025-04-28,Campus tour with family,1
29,3,4,Meeting,2025-04-21,Follow-up meeting re: proposal,1
30,4,1,Event Attendance,2026-04-18,Athletic event in donor suite,1
31,4,2,Portfolio Review,2026-03-07,Strategy call with leadership,1
32,4,3,Event Attendance,2026-02-23,President's dinner,1
33,4,4,Portfolio Review,2026-01-27,Discussed ask timing with director,1
34,4,5,Phone Call,2025-09-21,Solicitation follow-up,1
35,4,6,Meeting,2025-03-14,Year-end thank-you lunch,1
36,4,7,Phone Call,2024-08-29,Touched base on family news,1
37,4,8,Portfolio Review,2024-06-29,Debrief after proposal conversation,1
38,4,9,Site Visit,2024-06-26,Athletic facility tour,1
39,4,10,Meeting,2024-02-11,Met at alumni event,1
40,4,11,Portfolio Review,2023-11-13,Solicitation debrief,1
41,4,12,Phone Call,2023-08-02,Check-in call,1
42,4,13,Phone Call,2023-05-24,Check-in call,1
43,4,14,Email,2022-09-20,Event invitation,1
44,4,15,Site Visit,2022-08-24,Athletic facility tour,1
45,5,1,Meeting,2026-01-11,Initial in-person meeting,1
46,5,2,Event Attendance,2025-10-16,Alumni leadership weekend,1
47,5,3,Meeting,2023-01-27,Met at alumni event,1
48,6,1,Meeting,2024-07-26,Campus visit scheduled,1
49,6,2,Event Attendance,2024-06-30,Campaign kickoff event,1
50,6,3,Phone Call,2024-02-18,Introduced new initiative,1
51,6,4,Phone Call,2022-08-01,Check-in call,1
52,7,1,Event Attendance,2026-01-12,Attended gala,1
53,7,2,Phone Call,2025-09-16,Solicitation follow-up,1
54,7,3,Portfolio Review,2025-08-05,Discussed ask timing with director,1
55,7,4,Site Visit,2025-06-18,Visited endowed professorship,1
56,7,5,Phone Call,2025-06-11,Check-in call,1
57,7,6,Site Visit,2025-05-31,Toured new building,1
58,7,7,Meeting,2025-01-08,Coffee meeting downtown,1
59,7,8,Phone Call,2024-11-07,Solicitation follow-up,1
60,7,9,Portfolio Review,2024-07-03,Solicitation debrief,1
61,7,10,Event Attendance,2024-04-24,Regional club event,1
62,7,11,Site Visit,2024-01-22,Arts center opening,1
63,7,12,Site Visit,2023-12-05,Arts center opening,1
64,7,13,Phone Call,2023-04-14,Left voicemail,1
65,7,14,Phone Call,2022-06-25,Call re: event invitation,1
66,8,1,Meeting,2025-05-29,Met spouse for first time,1
67,8,2,Phone Call,2025-01-17,Touched base on family news,1
68,8,3,Event Attendance,2024-01-29,Homecoming reception,1
69,8,4,Portfolio Review,2023-11-11,Strategy call with leadership,1
70,8,5,Email,2022-12-18,Sent thank-you note,1
71,8,6,Site Visit,2022-07-05,Toured new building,1
72,9,1,Phone Call,2026-02-02,Solicitation follow-up,1
73,9,2,Phone Call,2025-11-07,Touched base on family news,1
74,9,3,Site Visit,2025-09-23,Lab walkthrough with faculty,1
75,9,4,Phone Call,2025-04-23,Check-in call,1
76,9,5,Meeting,2025-03-21,Campus visit scheduled,1
77,9,6,Email,2025-02-26,Proposal follow-up email,1
78,9,7,Phone Call,2025-01-24,Confirmed meeting time,1
79,9,8,Email,2024-11-01,Sent thank-you note,1
80,9,9,Event Attendance,2024-05-10,Athletic event in donor suite,1
81,9,10,Meeting,2023-10-14,Lunch at faculty club,1
82,9,11,Portfolio Review,2023-07-17,Debrief after proposal conversation,1
83,9,12,Event Attendance,2023-06-01,President's dinner,1
84,9,13,Phone Call,2023-05-12,Check-in call,1
85,9,14,Site Visit,2022-12-01,Athletic facility tour,1
86,9,15,Meeting,2022-11-16,Lunch at faculty club,1
87,9,16,Phone Call,2022-09-09,Touched base on family news,1
88,10,1,Site Visit,2025-12-22,Athletic facility tour,1
89,10,2,Site Visit,2025-11-02,Toured new building,1
90,10,3,Site Visit,2025-10-08,Lab walkthrough with faculty,1
91,10,4,Phone Call,2025-04-09,Brief check-in,1
92,10,5,Site Visit,2025-04-07,Lab walkthrough with faculty,1
93,10,6,Site Visit,2025-02-24,Met scholarship recipient,1
94,10,7,Phone Call,2025-02-09,Touched base on family news,1
95,10,8,Portfolio Review,2025-02-04,Internal portfolio review,1
96,10,9,Portfolio Review,2025-01-21,Reviewed prospect strategy with team,1
97,10,10,Email,2024-07-23,Shared news article of interest,1
98,10,11,Email,2024-07-23,Holiday greeting,1
99,10,12,Meeting,2024-07-23,Year-end thank-you lunch,1
100,10,13,Event Attendance,2024-04-12,Attended gala,1
101,10,14,Email,2024-01-28,Holiday greeting,1
102,10,15,Meeting,2024-01-14,Initial in-person meeting,1
103,10,16,Site Visit,2023-02-19,Campus tour with family,1
104,10,17,Phone Call,2022-08-04,Introduced new initiative,1
105,11,1,Phone Call,2024-09-24,Brief check-in,1
106,11,2,Phone Call,2023-01-01,Brief check-in,1
107,12,1,Portfolio Review,2026-04-22,Pre-ask strategy session,1
108,12,2,Portfolio Review,2025-11-25,Strategy call with leadership,1
109,12,3,Phone Call,2025-03-04,Left voicemail,1
110,12,4,Email,2025-02-05,Updated on campaign progress,1
111,12,5,Event Attendance,2024-10-27,Alumni leadership weekend,1
112,12,6,Event Attendance,2024-01-29,President's dinner,1
113,12,7,Event Attendance,2023-10-17,Attended gala,1
114,12,8,Site Visit,2023-09-25,Toured new building,1
115,12,9,Meeting,2023-08-24,Initial in-person meeting,1
116,12,10,Portfolio Review,2023-06-18,Strategy call with leadership,1
117,12,11,Event Attendance,2023-01-26,Attended gala,1
118,13,1,Portfolio Review,2026-04-26,Solicitation debrief,1
119,13,2,Site Visit,2025-12-02,Lab walkthrough with faculty,1
120,13,3,Phone Call,2025-11-02,Introduced new initiative,1
121,13,4,Email,2025-01-14,Shared news article of interest,1
122,13,5,Portfolio Review,2024-03-05,Debrief after proposal conversation,1
123,13,6,Meeting,2023-11-07,Initial in-person meeting,1
124,13,7,Portfolio Review,2023-09-13,Reviewed prospect strategy with team,1
125,13,8,Phone Call,2023-08-11,Touched base on family news,1
126,13,9,Event Attendance,2023-05-30,Attended gala,1
127,13,10,Site Visit,2023-04-04,Campus tour with family,1
128,13,11,Phone Call,2022-06-25,Confirmed meeting time,1
129,14,1,Meeting,2026-05-19,Discussed naming opportunity,1
130,14,2,Portfolio Review,2024-04-23,Reviewed prospect strategy with team,1
131,14,3,Event Attendance,2023-10-14,Attended gala,1
132,14,4,Email,2022-11-15,Updated on campaign progress,1
133,14,5,Email,2022-11-14,Annual fund solicitation,1
134,14,6,Event Attendance,2022-11-01,Alumni leadership weekend,1
135,14,7,Portfolio Review,2022-06-10,Debrief after proposal conversation,1
136,15,1,Phone Call,2026-02-27,Called to share impact story,1
137,15,2,Portfolio Review,2026-02-05,Debrief after proposal conversation,1
138,15,3,Event Attendance,2026-01-29,Alumni leadership weekend,1
139,15,4,Phone Call,2025-10-06,Introduced new initiative,1
140,15,5,Phone Call,2024-07-03,Called to share impact story,1
141,15,6,Meeting,2024-05-06,Campus visit scheduled,1
142,15,7,Site Visit,2024-05-03,Arts center opening,1
143,15,8,Event Attendance,2024-05-03,Alumni leadership weekend,1
144,15,9,Portfolio Review,2024-05-01,Strategy call with leadership,1
145,15,10,Phone Call,2024-03-28,Introduced new initiative,1
146,15,11,Email,2023-10-11,Proposal follow-up email,1
147,15,12,Event Attendance,2023-07-02,Commencement ceremony,1
148,15,13,Email,2022-12-01,Sent impact report,1
149,15,14,Meeting,2022-08-09,Stewardship dinner,1
150,16,1,Email,2025-09-12,Forwarded dean's letter,1
151,16,2,Event Attendance,2023-11-07,Advisory board meeting,1
152,16,3,Portfolio Review,2023-10-02,Solicitation debrief,1
153,16,4,Meeting,2023-08-30,Met at alumni event,1
154,16,5,Site Visit,2023-07-30,Toured new building,1
155,16,6,Meeting,2023-06-08,Discussed naming opportunity,1
156,16,7,Phone Call,2023-05-28,Call re: event invitation,1
157,16,8,Meeting,2023-05-26,Lunch at faculty club,1
158,16,9,Phone Call,2022-08-01,Call re: event invitation,1
159,16,10,Meeting,2022-05-29,Year-end thank-you lunch,1
160,17,1,Site Visit,2026-04-05,Arts center opening,1
161,17,2,Event Attendance,2025-07-17,President's dinner,1
162,17,3,Site Visit,2025-03-29,Met scholarship recipient,1
163,17,4,Site Visit,2024-09-28,Campus tour with family,1
164,17,5,Portfolio Review,2023-08-09,Solicitation debrief,1
165,17,6,Meeting,2023-06-20,Discovery meeting,1
166,17,7,Phone Call,2022-11-14,Solicitation follow-up,1
167,18,1,Email,2025-01-31,Updated on campaign progress,1
168,18,2,Event Attendance,2023-06-22,Advisory board meeting,1
169,18,3,Portfolio Review,2022-10-09,Solicitation debrief,1
170,19,1,Phone Call,2024-09-06,Call re: event invitation,1
171,19,2,Phone Call,2023-11-22,Call re: event invitation,1
172,19,3,Phone Call,2023-10-27,Touched base on family news,1
173,19,4,Email,2023-08-30,Proposal follow-up email,1
174,19,5,Meeting,2023-06-01,Office visit,1
175,19,6,Email,2023-04-24,Proposal follow-up email,1
176,19,7,Site Visit,2023-03-17,Lab walkthrough with faculty,1
177,19,8,Event Attendance,2023-01-22,President's dinner,1
178,19,9,Portfolio Review,2022-08-27,Discussed ask timing with director,1
179,19,10,Email,2022-06-24,Holiday greeting,1
180,20,1,Portfolio Review,2022-06-01,Solicitation debrief,1
181,21,1,Site Visit,2026-02-26,Met scholarship recipient,1
182,21,2,Email,2025-09-24,Holiday greeting,1
183,21,3,Phone Call,2025-09-04,Called to share impact story,1
184,21,4,Portfolio Review,2025-06-25,Debrief after proposal conversation,1
185,21,5,Portfolio Review,2025-01-19,Reviewed prospect strategy with team,1
186,21,6,Email,2024-08-11,Holiday greeting,1
187,21,7,Email,2023-03-02,Forwarded dean's letter,1
188,22,1,Site Visit,2026-03-31,Campus tour with family,1
189,22,2,Phone Call,2025-09-15,Touched base on family news,1
190,22,3,Email,2025-06-23,Holiday greeting,1
191,22,4,Meeting,2024-09-11,Year-end thank-you lunch,1
192,22,5,Event Attendance,2023-05-25,Campaign kickoff event,1
193,23,1,Portfolio Review,2025-10-03,Pre-ask strategy session,1
194,23,2,Meeting,2025-07-24,Office visit,1
195,23,3,Portfolio Review,2024-10-05,Discussed ask timing with director,1
196,23,4,Meeting,2024-09-23,Discovery meeting,1
197,23,5,Meeting,2024-06-27,Discussed naming opportunity,1
198,23,6,Event Attendance,2023-11-28,Alumni leadership weekend,1
199,23,7,Site Visit,2023-09-24,Met scholarship recipient,1
200,23,8,Meeting,2023-03-21,Stewardship dinner,1
201,23,9,Meeting,2023-03-04,Met spouse for first time,1
202,23,10,Portfolio Review,2022-10-04,Internal portfolio review,1
203,23,11,Event Attendance,2022-08-25,Campaign kickoff event,1
204,23,12,Phone Call,2022-07-10,Call re: event invitation,1
205,23,13,Phone Call,2022-06-07,Check-in call,1
206,24,1,Meeting,2023-11-21,Follow-up meeting re: proposal,1
207,24,2,Site Visit,2023-05-15,Lab walkthrough with faculty,1
208,24,3,Site Visit,2022-08-15,Met scholarship recipient,1
209,24,4,Event Attendance,2022-08-04,Campaign kickoff event,1
210,25,1,Email,2022-08-25,Updated on campaign progress,1
211,26,1,Email,2026-04-27,Proposal follow-up email,1
212,26,2,Site Visit,2024-10-16,Visited endowed professorship,1
213,26,3,Event Attendance,2024-06-14,Homecoming reception,1
214,26,4,Phone Call,2024-04-24,Touched base on family news,1
215,26,5,Portfolio Review,2024-04-18,Pre-ask strategy session,1
216,26,6,Site Visit,2024-03-22,Met scholarship recipient,1
217,26,7,Phone Call,2023-12-28,Confirmed meeting time,1
218,27,1,Email,2025-11-26,Event invitation,1
219,27,2,Event Attendance,2025-08-09,Commencement ceremony,1
220,27,3,Meeting,2025-07-31,Coffee meeting downtown,1
221,27,4,Site Visit,2025-03-22,Arts center opening,1
222,27,5,Email,2024-09-07,Updated on campaign progress,1
223,27,6,Phone Call,2023-09-22,Called to share impact story,1
224,27,7,Site Visit,2023-06-11,Arts center opening,1
225,27,8,Event Attendance,2023-02-04,President's dinner,1
226,27,9,Phone Call,2023-01-13,Discussed pledge payment,1
227,28,1,Site Visit,2024-10-06,Toured new building,1
228,28,2,Email,2023-04-13,Annual fund solicitation,1
229,29,1,Phone Call,2023-10-15,Check-in call,1
230,29,2,Meeting,2023-08-14,Office visit,1
231,29,3,Email,2023-04-02,Proposal follow-up email,1
232,30,1,Site Visit,2026-03-24,Toured new building,1
233,30,2,Event Attendance,2025-09-19,Advisory board meeting,1
234,30,3,Event Attendance,2025-09-09,Athletic event in donor suite,1
235,30,4,Event Attendance,2025-05-19,Commencement ceremony,1
236,30,5,Email,2025-01-05,Forwarded dean's letter,1
237,30,6,Portfolio Review,2024-10-31,Strategy call with leadership,1
238,30,7,Meeting,2024-10-09,Stewardship dinner,1
239,30,8,Event Attendance,2024-01-18,Attended gala,1
240,30,9,Email,2023-09-27,Holiday greeting,1
241,30,10,Event Attendance,2023-08-18,Attended gala,1
242,30,11,Phone Call,2022-10-26,Introduced new initiative,1
243,30,12,Site Visit,2022-10-09,Arts center opening,1
244,30,13,Phone Call,2022-09-20,Introduced new initiative,1
245,30,14,Phone Call,2022-08-27,Check-in call,1
246,30,15,Email,2022-07-13,Sent thank-you note,1
247,31,1,Phone Call,2026-02-11,Solicitation follow-up,1
248,31,2,Event Attendance,2025-12-15,President's dinner,1
249,31,3,Event Attendance,2025-04-20,Advisory board meeting,1
250,31,4,Email,2024-10-05,Proposal follow-up email,1
251,31,5,Email,2024-10-01,Sent thank-you note,1
252,31,6,Meeting,2024-05-22,Follow-up meeting re: proposal,1
253,31,7,Event Attendance,2023-07-04,Advisory board meeting,1
254,31,8,Phone Call,2023-06-02,Check-in call,1
255,31,9,Phone Call,2022-11-12,Called to share impact story,1
256,31,10,Email,2022-10-26,Sent thank-you note,1
257,31,11,Site Visit,2022-10-21,Campus tour with family,1
258,32,1,Event Attendance,2025-10-24,Campaign kickoff event,1
259,32,2,Portfolio Review,2025-07-09,Discussed ask timing with director,1
260,32,3,Portfolio Review,2025-06-22,Strategy call with leadership,1
261,32,4,Meeting,2025-05-01,Discussed naming opportunity,1
262,32,5,Site Visit,2025-03-01,Toured new building,1
263,32,6,Meeting,2025-02-23,Office visit,1
264,32,7,Meeting,2023-07-26,Initial in-person meeting,1
265,32,8,Email,2023-04-03,Proposal follow-up email,1
266,32,9,Portfolio Review,2022-12-12,Reviewed prospect strategy with team,1
267,32,10,Phone Call,2022-07-09,Touched base on family news,1
268,33,1,Phone Call,2026-03-24,Left voicemail,1
269,33,2,Phone Call,2025-09-21,Solicitation follow-up,1
270,33,3,Site Visit,2025-08-31,Arts center opening,1
271,33,4,Meeting,2025-08-03,Lunch at faculty club,1
272,33,5,Meeting,2025-06-03,Initial in-person meeting,1
273,33,6,Site Visit,2025-02-20,Toured new building,1
274,33,7,Phone Call,2025-02-11,Solicitation follow-up,1
275,33,8,Meeting,2024-09-05,Campus visit scheduled,1
276,33,9,Event Attendance,2024-08-30,Attended gala,1
277,33,10,Site Visit,2024-06-20,Toured new building,1
278,33,11,Email,2023-06-15,Sent impact report,1
279,33,12,Meeting,2022-07-12,Discovery meeting,1
280,33,13,Portfolio Review,2022-06-30,Debrief after proposal conversation,1
281,33,14,Meeting,2022-05-29,Lunch at faculty club,1
282,34,1,Phone Call,2025-04-07,Introduced new initiative,1
283,34,2,Meeting,2025-03-27,Lunch at faculty club,1
284,34,3,Phone Call,2023-02-03,Call re: event invitation,1
285,35,1,Portfolio Review,2026-04-23,Internal portfolio review,1
286,35,2,Email,2026-01-02,Holiday greeting,1
287,35,3,Event Attendance,2025-10-31,Attended gala,1
288,35,4,Portfolio Review,2025-06-27,Debrief after proposal conversation,1
289,35,5,Phone Call,2025-03-03,Called to share impact story,1
290,35,6,Portfolio Review,2025-01-11,Pre-ask strategy session,1
291,35,7,Email,2024-06-08,Annual fund solicitation,1
292,35,8,Phone Call,2024-05-30,Touched base on family news,1
293,35,9,Portfolio Review,2023-07-31,Debrief after proposal conversation,1
294,35,10,Phone Call,2023-07-22,Introduced new initiative,1
295,35,11,Site Visit,2023-06-03,Campus tour with family,1
296,35,12,Phone Call,2023-03-11,Called to share impact story,1
297,35,13,Phone Call,2023-02-22,Confirmed meeting time,1
298,35,14,Meeting,2022-12-13,Stewardship dinner,1
299,36,1,Portfolio Review,2025-10-08,Debrief after proposal conversation,1
300,36,2,Meeting,2025-08-16,Stewardship dinner,1
301,36,3,Site Visit,2024-10-08,Toured new building,1
302,36,4,Site Visit,2024-05-12,Met scholarship recipient,1
303,36,5,Site Visit,2023-10-10,Athletic facility tour,1
304,36,6,Portfolio Review,2023-08-10,Reviewed prospect strategy with team,1
305,36,7,Portfolio Review,2023-06-22,Strategy call with leadership,1
306,36,8,Site Visit,2023-04-06,Lab walkthrough with faculty,1
307,36,9,Event Attendance,2022-06-08,Commencement ceremony,1
308,37,1,Portfolio Review,2025-12-30,Reviewed prospect strategy with team,1
309,37,2,Phone Call,2025-04-30,Check-in call,1
310,37,3,Portfolio Review,2023-12-27,Pre-ask strategy session,1
311,37,4,Portfolio Review,2023-09-20,Debrief after proposal conversation,1
312,38,1,Meeting,2025-11-28,Year-end thank-you lunch,1
313,38,2,Phone Call,2025-09-19,Solicitation follow-up,1
314,38,3,Email,2025-08-01,Shared news article of interest,1
315,38,4,Email,2024-03-04,Shared news article of interest,1
316,38,5,Event Attendance,2024-02-21,Commencement ceremony,1
317,38,6,Meeting,2023-12-06,Met at alumni event,1
318,38,7,Site Visit,2023-06-16,Arts center opening,1
319,38,8,Site Visit,2023-01-28,Met scholarship recipient,1
320,38,9,Portfolio Review,2022-09-11,Strategy call with leadership,1
321,38,10,Event Attendance,2022-08-05,Regional club event,1
322,38,11,Portfolio Review,2022-06-28,Pre-ask strategy session,1
323,39,1,Site Visit,2025-07-24,Toured new building,1
324,39,2,Meeting,2024-10-27,Discovery meeting,1
325,39,3,Site Visit,2024-02-13,Campus tour with family,1
326,39,4,Phone Call,2023-09-20,Discussed pledge payment,1
327,39,5,Meeting,2023-09-02,Lunch at faculty club,1
328,39,6,Portfolio Review,2023-07-09,Debrief after proposal conversation,1
329,39,7,Meeting,2023-01-02,Initial in-person meeting,1
330,39,8,Portfolio Review,2022-08-25,Debrief after proposal conversation,1
331,40,1,Event Attendance,2025-07-13,Homecoming reception,1
332,40,2,Meeting,2024-09-08,Campus visit scheduled,1
333,40,3,Event Attendance,2024-07-21,Athletic event in donor suite,1
334,40,4,Site Visit,2024-03-29,Lab walkthrough with faculty,1
335,40,5,Email,2022-12-30,Forwarded dean's letter,1
336,40,6,Site Visit,2022-11-25,Athletic facility tour,1
337,40,7,Email,2022-07-30,Sent birthday greeting,1
338,41,1,Site Visit,2026-04-15,Campus tour with family,1
339,41,2,Meeting,2026-03-18,Coffee meeting downtown,1
340,41,3,Phone Call,2025-09-20,Called to share impact story,1
341,41,4,Portfolio Review,2024-08-15,Strategy call with leadership,1
342,41,5,Email,2024-04-11,Holiday greeting,1
343,41,6,Site Visit,2024-03-27,Campus tour with family,1
344,41,7,Phone Call,2023-12-22,Call re: event invitation,1
345,41,8,Portfolio Review,2023-11-12,Pre-ask strategy session,1
346,41,9,Site Visit,2023-05-10,Visited endowed professorship,1
347,41,10,Meeting,2023-04-28,Met spouse for first time,1
348,42,1,Event Attendance,2026-01-27,Commencement ceremony,1
349,42,2,Event Attendance,2025-07-05,Advisory board meeting,1
350,42,3,Email,2024-11-28,Sent thank-you note,1
351,42,4,Meeting,2024-03-11,Coffee meeting downtown,1
352,42,5,Event Attendance,2023-10-02,Attended gala,1
353,42,6,Phone Call,2023-09-20,Introduced new initiative,1
354,42,7,Email,2023-08-21,Annual fund solicitation,1
355,42,8,Meeting,2023-08-12,Campus visit scheduled,1
356,42,9,Email,2023-07-19,Updated on campaign progress,1
357,42,10,Meeting,2023-05-13,Discussed naming opportunity,1
358,42,11,Email,2023-04-13,Sent thank-you note,1
359,42,12,Site Visit,2023-03-27,Met scholarship recipient,1
360,42,13,Meeting,2023-03-07,Campus visit scheduled,1
361,42,14,Phone Call,2022-09-08,Left voicemail,1
362,42,15,Phone Call,2022-07-18,Call re: event invitation,1
363,43,1,Portfolio Review,2026-04-11,Strategy call with leadership,1
364,43,2,Site Visit,2026-03-06,Athletic facility tour,1
365,43,3,Event Attendance,2026-01-07,Commencement ceremony,1
366,43,4,Email,2025-11-29,Sent impact report,1
367,43,5,Portfolio Review,2025-09-29,Pre-ask strategy session,1
368,43,6,Event Attendance,2025-06-08,Attended gala,1
369,43,7,Email,2024-09-04,Updated on campaign progress,1
370,43,8,Event Attendance,2024-07-23,Commencement ceremony,1
371,43,9,Email,2024-06-29,Annual fund solicitation,1
372,43,10,Meeting,2023-10-21,Initial in-person meeting,1
373,43,11,Meeting,2023-05-15,Year-end thank-you lunch,1
374,43,12,Portfolio Review,2022-07-12,Internal portfolio review,1
375,44,1,Portfolio Review,2023-08-08,Reviewed prospect strategy with team,1
376,44,2,Phone Call,2023-07-27,Brief check-in,1
377,45,1,Event Attendance,2026-02-13,Commencement ceremony,1
378,45,2,Phone Call,2025-12-18,Brief check-in,1
379,45,3,Portfolio Review,2025-04-03,Debrief after proposal conversation,1
380,45,4,Portfolio Review,2025-03-09,Strategy call with leadership,1
381,45,5,Event Attendance,2024-11-24,Homecoming reception,1
382,45,6,Event Attendance,2024-10-10,Advisory board meeting,1
383,45,7,Email,2024-09-20,Event invitation,1
384,45,8,Event Attendance,2024-05-07,Campaign kickoff event,1
385,45,9,Site Visit,2023-12-11,Campus tour with family,1
386,45,10,Phone Call,2023-08-08,Introduced new initiative,1
387,45,11,Meeting,2023-05-20,Campus visit scheduled,1
388,45,12,Email,2022-10-28,Sent birthday greeting,1
389,46,1,Event Attendance,2026-04-13,Athletic event in donor suite,1
390,46,2,Phone Call,2025-05-17,Touched base on family news,1
391,46,3,Email,2025-05-04,Sent birthday greeting,1
392,46,4,Event Attendance,2025-04-07,Commencement ceremony,1
393,46,5,Event Attendance,2024-12-23,Attended gala,1
394,46,6,Event Attendance,2024-09-14,Alumni leadership weekend,1
395,46,7,Email,2024-08-18,Forwarded dean's letter,1
396,46,8,Phone Call,2024-02-18,Left voicemail,1
397,46,9,Phone Call,2024-01-24,Call re: event invitation,1
398,46,10,Site Visit,2023-12-17,Campus tour with family,1
399,46,11,Email,2023-11-05,Event invitation,1
400,46,12,Portfolio Review,2023-07-01,Internal portfolio review,1
401,46,13,Site Visit,2023-06-29,Met scholarship recipient,1
402,46,14,Email,2023-05-12,Holiday greeting,1
403,46,15,Email,2023-04-26,Annual fund solicitation,1
404,46,16,Phone Call,2022-11-19,Confirmed meeting time,1
405,46,17,Phone Call,2022-11-13,Solicitation follow-up,1
406,46,18,Phone Call,2022-09-01,Left voicemail,1
407,46,19,Meeting,2022-08-15,Met at alumni event,1
408,46,20,Email,2022-06-11,Forwarded dean's letter,1
409,47,1,Portfolio Review,2026-03-23,Strategy call with leadership,1
410,47,2,Meeting,2026-03-07,Year-end thank-you lunch,1
411,47,3,Site Visit,2025-08-15,Visited endowed professorship,1
412,47,4,Meeting,2025-06-29,Coffee meeting downtown,1
413,47,5,Meeting,2025-05-26,Stewardship dinner,1
414,47,6,Event Attendance,2025-04-03,Regional club event,1
415,47,7,Meeting,2024-12-08,Discussed naming opportunity,1
416,47,8,Email,2024-11-09,Event invitation,1
417,47,9,Site Visit,2024-10-30,Visited endowed professorship,1
418,47,10,Portfolio Review,2024-01-08,Strategy call with leadership,1
419,47,11,Phone Call,2023-12-10,Left voicemail,1
420,47,12,Meeting,2023-04-20,Met spouse for first time,1
421,47,13,Portfolio Review,2023-04-01,Discussed ask timing with director,1
422,47,14,Meeting,2022-10-05,Follow-up meeting re: proposal,1
423,47,15,Portfolio Review,2022-09-11,Strategy call with leadership,1
424,48,1,Phone Call,2025-11-18,Solicitation follow-up,1
425,48,2,Phone Call,2025-09-13,Left voicemail,1
426,48,3,Email,2025-03-01,Forwarded dean's letter,1
427,48,4,Site Visit,2025-01-23,Met scholarship recipient,1
428,48,5,Event Attendance,2025-01-19,Attended gala,1
429,48,6,Site Visit,2024-12-22,Athletic facility tour,1
430,48,7,Email,2024-08-18,Event invitation,1
431,48,8,Email,2024-07-16,Sent birthday greeting,1
432,48,9,Site Visit,2024-03-14,Campus tour with family,1
433,48,10,Portfolio Review,2024-01-06,Internal portfolio review,1
434,48,11,Email,2023-08-09,Holiday greeting,1
435,48,12,Email,2023-06-11,Forwarded dean's letter,1
436,48,13,Portfolio Review,2023-02-10,Reviewed prospect strategy with team,1
437,48,14,Email,2023-01-09,Sent impact report,1
438,49,1,Site Visit,2026-03-11,Campus tour with family,1
439,49,2,Meeting,2026-01-30,Discussed naming opportunity,1
440,49,3,Email,2025-09-14,Proposal follow-up email,1
441,49,4,Meeting,2025-01-22,Met at alumni event,1
442,49,5,Email,2025-01-16,Shared news article of interest,1
443,49,6,Phone Call,2024-12-19,Touched base on family news,1
444,49,7,Portfolio Review,2024-08-26,Reviewed prospect strategy with team,1
445,49,8,Portfolio Review,2024-05-08,Pre-ask strategy session,1
446,49,9,Meeting,2024-03-25,Discovery meeting,1
447,49,10,Meeting,2023-05-22,Initial in-person meeting,1
448,49,11,Site Visit,2023-04-16,Arts center opening,1
449,49,12,Site Visit,2022-12-28,Visited endowed professorship,1
450,49,13,Email,2022-10-21,Updated on campaign progress,1
451,49,14,Meeting,2022-09-03,Office visit,1
452,49,15,Portfolio Review,2022-08-15,Reviewed prospect strategy with team,1
453,49,16,Event Attendance,2022-07-18,Homecoming reception,1
454,49,17,Email,2022-07-07,Updated on campaign progress,1
455,49,18,Event Attendance,2022-06-17,Campaign kickoff event,1
456,50,1,Phone Call,2026-03-26,Check-in call,1
457,50,2,Site Visit,2026-02-04,Lab walkthrough with faculty,1
458,50,3,Portfolio Review,2025-05-10,Reviewed prospect strategy with team,1
459,50,4,Email,2023-11-25,Annual fund solicitation,1
460,50,5,Meeting,2023-11-05,Lunch at faculty club,1
461,50,6,Phone Call,2022-11-08,Left voicemail,1
462,50,7,Event Attendance,2022-10-17,President's dinner,1
463,50,8,Event Attendance,2022-10-16,Commencement ceremony,1
464,50,9,Email,2022-10-16,Forwarded dean's letter,1
465,50,10,Site Visit,2022-06-28,Visited endowed professorship,1
466,51,1,Event Attendance,2025-05-31,Advisory board meeting,1
467,51,2,Email,2024-12-04,Shared news article of interest,1
468,51,3,Meeting,2022-07-14,Discussed naming opportunity,1
469,52,1,Phone Call,2025-05-14,Check-in call,1
470,52,2,Meeting,2024-04-09,Follow-up meeting re: proposal,1
471,52,3,Portfolio Review,2024-03-07,Discussed ask timing with director,1
472,52,4,Portfolio Review,2023-03-10,Internal portfolio review,1
473,53,1,Site Visit,2026-02-09,Athletic facility tour,1
474,53,2,Site Visit,2025-06-10,Athletic facility tour,1
475,53,3,Email,2025-04-10,Holiday greeting,1
476,53,4,Meeting,2024-12-01,Stewardship dinner,1
477,53,5,Phone Call,2023-10-17,Brief check-in,1
478,53,6,Meeting,2022-06-15,Coffee meeting downtown,1
479,54,1,Site Visit,2025-09-21,Visited endowed professorship,1
480,54,2,Phone Call,2025-08-28,Brief check-in,1
481,54,3,Phone Call,2025-04-26,Call re: event invitation,1
482,54,4,Portfolio Review,2025-03-31,Solicitation debrief,1
483,54,5,Phone Call,2025-02-16,Confirmed meeting time,1
484,54,6,Phone Call,2024-11-22,Confirmed meeting time,1
485,54,7,Phone Call,2024-10-09,Check-in call,1
486,54,8,Email,2024-03-30,Proposal follow-up email,1
487,54,9,Phone Call,2023-12-12,Brief check-in,1
488,54,10,Site Visit,2023-11-04,Lab walkthrough with faculty,1
489,54,11,Email,2023-08-13,Annual fund solicitation,1
490,54,12,Portfolio Review,2023-08-13,Solicitation debrief,1
491,54,13,Site Visit,2022-08-11,Toured new building,1
492,55,1,Email,2025-08-22,Updated on campaign progress,1
493,55,2,Portfolio Review,2023-10-04,Internal portfolio review,1
494,56,1,Meeting,2026-02-17,Discovery meeting,1
495,56,2,Event Attendance,2026-02-04,Commencement ceremony,1
496,56,3,Email,2026-01-21,Updated on campaign progress,1
497,56,4,Portfolio Review,2025-12-23,Reviewed prospect strategy with team,1
498,56,5,Phone Call,2025-11-07,Called to share impact story,1
499,56,6,Meeting,2025-01-26,Met spouse for first time,1
500,56,7,Phone Call,2024-12-13,Call re: event invitation,1
501,56,8,Phone Call,2024-07-09,Called to share impact story,1
502,56,9,Site Visit,2024-05-26,Met scholarship recipient,1
503,56,10,Site Visit,2024-03-27,Lab walkthrough with faculty,1
504,56,11,Meeting,2024-01-06,Stewardship dinner,1
505,56,12,Portfolio Review,2023-09-30,Discussed ask timing with director,1
506,56,13,Site Visit,2023-04-07,Lab walkthrough with faculty,1
507,56,14,Email,2023-01-14,Event invitation,1
508,56,15,Email,2023-01-12,Sent impact report,1
509,56,16,Phone Call,2022-12-27,Touched base on family news,1
510,56,17,Email,2022-08-17,Sent thank-you note,1
511,56,18,Site Visit,2022-06-01,Met scholarship recipient,1
512,56,19,Email,2022-05-29,Annual fund solicitation,1
513,57,1,Portfolio Review,2025-07-16,Strategy call with leadership,1
514,57,2,Site Visit,2025-06-18,Toured new building,1
515,57,3,Phone Call,2024-08-18,Discussed pledge payment,1
516,57,4,Meeting,2024-08-13,Met at alumni event,1
517,57,5,Phone Call,2023-12-11,Check-in call,1
518,57,6,Site Visit,2023-08-19,Met scholarship recipient,1
519,57,7,Phone Call,2023-06-28,Touched base on family news,1
520,57,8,Site Visit,2023-04-09,Toured new building,1
521,57,9,Site Visit,2022-09-13,Toured new building,1
522,58,1,Email,2025-11-11,Holiday greeting,1
523,58,2,Phone Call,2025-10-03,Called to share impact story,1
524,58,3,Email,2025-09-10,Annual fund solicitation,1
525,58,4,Portfolio Review,2025-07-22,Discussed ask timing with director,1
526,58,5,Phone Call,2025-03-30,Brief check-in,1
527,58,6,Meeting,2024-06-05,Follow-up meeting re: proposal,1
528,58,7,Event Attendance,2024-05-21,President's dinner,1
529,58,8,Site Visit,2023-10-27,Toured new building,1
530,58,9,Phone Call,2023-09-01,Touched base on family news,1
531,58,10,Portfolio Review,2023-08-16,Debrief after proposal conversation,1
532,58,11,Email,2023-03-30,Sent impact report,1
533,58,12,Email,2022-05-30,Event invitation,1
534,59,1,Site Visit,2026-03-23,Arts center opening,1
535,59,2,Email,2025-12-06,Annual fund solicitation,1
536,59,3,Portfolio Review,2025-10-16,Debrief after proposal conversation,1
537,59,4,Email,2025-07-11,Sent impact report,1
538,59,5,Portfolio Review,2024-07-28,Discussed ask timing with director,1
539,59,6,Site Visit,2024-04-16,Met scholarship recipient,1
540,59,7,Portfolio Review,2023-10-22,Solicitation debrief,1
541,59,8,Event Attendance,2023-09-12,President's dinner,1
542,59,9,Phone Call,2023-01-28,Check-in call,1
543,59,10,Portfolio Review,2022-09-09,Reviewed prospect strategy with team,1
544,59,11,Email,2022-06-02,Sent impact report,1
545,60,1,Phone Call,2025-11-13,Left voicemail,1
546,60,2,Site Visit,2024-12-15,Toured new building,1
547,60,3,Meeting,2024-03-31,Met at alumni event,1
548,60,4,Phone Call,2024-02-25,Confirmed meeting time,1
549,60,5,Site Visit,2023-04-27,Met scholarship recipient,1
550,60,6,Portfolio Review,2023-01-04,Strategy call with leadership,1
551,61,1,Site Visit,2025-11-06,Campus tour with family,1
552,61,2,Site Visit,2025-09-17,Campus tour with family,1
553,61,3,Email,2025-08-26,Annual fund solicitation,1
554,61,4,Event Attendance,2025-07-10,Commencement ceremony,1
555,61,5,Meeting,2025-04-07,Discussed naming opportunity,1
556,61,6,Email,2024-09-17,Annual fund solicitation,1
557,61,7,Phone Call,2024-08-24,Confirmed meeting time,1
558,61,8,Portfolio Review,2024-05-16,Pre-ask strategy session,1
559,61,9,Meeting,2024-04-29,Coffee meeting downtown,1
560,61,10,Event Attendance,2023-12-18,Advisory board meeting,1
561,61,11,Site Visit,2023-08-20,Arts center opening,1
562,61,12,Phone Call,2023-07-07,Discussed pledge payment,1
563,61,13,Site Visit,2023-01-02,Athletic facility tour,1
564,61,14,Portfolio Review,2022-08-28,Solicitation debrief,1
565,61,15,Event Attendance,2022-07-19,Homecoming reception,1
566,62,1,Phone Call,2025-12-10,Called to share impact story,1
567,62,2,Site Visit,2025-09-02,Met scholarship recipient,1
568,62,3,Event Attendance,2025-07-21,Attended gala,1
569,62,4,Event Attendance,2024-09-13,Homecoming reception,1
570,62,5,Meeting,2024-09-13,Follow-up meeting re: proposal,1
571,62,6,Meeting,2023-12-08,Follow-up meeting re: proposal,1
572,62,7,Site Visit,2023-10-06,Campus tour with family,1
573,62,8,Meeting,2023-09-16,Initial in-person meeting,1
574,62,9,Portfolio Review,2022-07-20,Solicitation debrief,1
575,63,1,Meeting,2026-04-18,Discussed naming opportunity,1
576,63,2,Portfolio Review,2026-02-18,Reviewed prospect strategy with team,1
577,63,3,Email,2025-12-05,Annual fund solicitation,1
578,63,4,Portfolio Review,2025-09-30,Pre-ask strategy session,1
579,63,5,Portfolio Review,2025-05-19,Pre-ask strategy session,1
580,63,6,Event Attendance,2025-05-13,Regional club event,1
581,63,7,Email,2024-12-19,Holiday greeting,1
582,63,8,Phone Call,2024-12-16,Discussed pledge payment,1
583,63,9,Meeting,2024-05-24,Year-end thank-you lunch,1
584,63,10,Event Attendance,2024-03-08,Regional club event,1
585,63,11,Portfolio Review,2023-10-17,Debrief after proposal conversation,1
586,63,12,Site Visit,2023-07-25,Athletic facility tour,1
587,63,13,Meeting,2023-02-07,Coffee meeting downtown,1
588,63,14,Site Visit,2022-09-05,Toured new building,1
589,64,1,Site Visit,2025-06-04,Campus tour with family,1
590,64,2,Portfolio Review,2022-09-16,Pre-ask strategy session,1
591,65,1,Meeting,2025-11-23,Met at alumni event,1
592,65,2,Meeting,2025-09-07,Coffee meeting downtown,1
593,65,3,Portfolio Review,2025-08-18,Internal portfolio review,1
594,65,4,Meeting,2024-09-09,Met at alumni event,1
595,65,5,Site Visit,2024-09-08,Arts center opening,1
596,65,6,Phone Call,2024-05-13,Left voicemail,1
597,65,7,Site Visit,2024-03-04,Visited endowed professorship,1
598,65,8,Portfolio Review,2023-08-29,Strategy call with leadership,1
599,65,9,Event Attendance,2023-01-05,Alumni leadership weekend,1
600,65,10,Meeting,2022-12-05,Discovery meeting,1
601,65,11,Site Visit,2022-12-02,Lab walkthrough with faculty,1
602,65,12,Site Visit,2022-08-11,Campus tour with family,1
603,65,13,Meeting,2022-08-08,Lunch at faculty club,1
604,65,14,Phone Call,2022-07-08,Discussed pledge payment,1
605,65,15,Portfolio Review,2022-07-07,Solicitation debrief,1
606,66,1,Meeting,2026-04-11,Lunch at faculty club,1
607,66,2,Portfolio Review,2026-02-06,Strategy call with leadership,1
608,66,3,Portfolio Review,2025-04-04,Pre-ask strategy session,1
609,66,4,Site Visit,2025-01-10,Visited endowed professorship,1
610,66,5,Site Visit,2024-09-25,Arts center opening,1
611,66,6,Event Attendance,2024-07-07,Campaign kickoff event,1
612,66,7,Email,2024-03-10,Sent impact report,1
613,66,8,Site Visit,2023-11-13,Campus tour with family,1
614,66,9,Site Visit,2023-09-29,Athletic facility tour,1
615,66,10,Event Attendance,2023-09-01,Athletic event in donor suite,1
616,66,11,Phone Call,2023-03-12,Check-in call,1
617,66,12,Event Attendance,2023-02-08,Attended gala,1
618,67,1,Event Attendance,2024-08-13,Homecoming reception,1
619,67,2,Email,2023-02-26,Updated on campaign progress,1
620,68,1,Event Attendance,2025-09-24,Advisory board meeting,1
621,68,2,Site Visit,2023-08-12,Arts center opening,1
622,69,1,Email,2026-04-09,Forwarded dean's letter,1
623,69,2,Phone Call,2025-06-25,Called to share impact story,1
624,69,3,Phone Call,2025-04-23,Brief check-in,1
625,69,4,Portfolio Review,2024-10-09,Reviewed prospect strategy with team,1
626,69,5,Event Attendance,2023-10-03,Athletic event in donor suite,1
627,70,1,Site Visit,2024-09-28,Visited endowed professorship,1
628,70,2,Portfolio Review,2024-03-13,Solicitation debrief,1
629,70,3,Portfolio Review,2022-05-26,Reviewed prospect strategy with team,1
630,71,1,Phone Call,2025-11-26,Discussed pledge payment,1
631,71,2,Event Attendance,2025-08-30,Athletic event in donor suite,1
632,71,3,Meeting,2025-06-24,Discussed naming opportunity,1
633,71,4,Site Visit,2025-06-01,Met scholarship recipient,1
634,71,5,Phone Call,2025-03-23,Left voicemail,1
635,71,6,Event Attendance,2024-10-20,Attended gala,1
636,71,7,Meeting,2023-09-06,Stewardship dinner,1
637,71,8,Email,2022-11-25,Sent thank-you note,1
638,71,9,Portfolio Review,2022-08-24,Internal portfolio review,1
639,71,10,Phone Call,2022-07-07,Called to share impact story,1
640,72,1,Site Visit,2026-01-11,Toured new building,1
641,72,2,Event Attendance,2024-06-29,Alumni leadership weekend,1
642,73,1,Email,2025-02-17,Sent thank-you note,1
643,73,2,Meeting,2024-12-09,Follow-up meeting re: proposal,1
644,73,3,Email,2023-08-29,Holiday greeting,1
645,73,4,Portfolio Review,2023-03-28,Strategy call with leadership,1
646,74,1,Meeting,2026-02-07,Follow-up meeting re: proposal,1
647,74,2,Meeting,2025-10-25,Office visit,1
648,74,3,Portfolio Review,2025-10-20,Debrief after proposal conversation,1
649,74,4,Phone Call,2025-10-17,Introduced new initiative,1
650,74,5,Phone Call,2025-10-06,Call re: event invitation,1
651,74,6,Portfolio Review,2023-12-07,Pre-ask strategy session,1
652,74,7,Event Attendance,2023-10-28,Athletic event in donor suite,1
653,74,8,Portfolio Review,2023-03-27,Strategy call with leadership,1
654,74,9,Meeting,2022-12-31,Office visit,1
655,74,10,Portfolio Review,2022-12-20,Reviewed prospect strategy with team,1
656,74,11,Email,2022-12-18,Holiday greeting,1
657,74,12,Meeting,2022-08-19,Met at alumni event,1
658,74,13,Site Visit,2022-06-05,Campus tour with family,1
659,75,1,Email,2025-01-04,Sent birthday greeting,1
660,75,2,Phone Call,2024-06-21,Solicitation follow-up,1
661,75,3,Email,2023-09-24,Sent thank-you note,1
662,76,1,Site Visit,2025-08-12,Campus tour with family,1
663,76,2,Site Visit,2025-07-15,Campus tour with family,1
664,76,3,Event Attendance,2025-02-08,Advisory board meeting,1
665,76,4,Meeting,2025-01-04,Initial in-person meeting,1
666,76,5,Phone Call,2024-05-13,Check-in call,1
667,76,6,Portfolio Review,2024-01-09,Strategy call with leadership,1
668,76,7,Event Attendance,2023-06-02,Homecoming reception,1
669,76,8,Meeting,2022-11-09,Stewardship dinner,1
670,76,9,Email,2022-08-29,Updated on campaign progress,1
671,77,1,Event Attendance,2026-03-07,Attended gala,1
672,77,2,Portfolio Review,2026-01-16,Solicitation debrief,1
673,77,3,Portfolio Review,2025-07-16,Discussed ask timing with director,1
674,77,4,Email,2024-03-07,Updated on campaign progress,1
675,77,5,Site Visit,2023-12-15,Arts center opening,1
676,77,6,Portfolio Review,2022-10-16,Discussed ask timing with director,1
677,77,7,Email,2022-09-07,Sent thank-you note,1
678,78,1,Event Attendance,2026-05-05,Athletic event in donor suite,1
679,78,2,Portfolio Review,2025-07-25,Reviewed prospect strategy with team,1
680,78,3,Portfolio Review,2025-03-27,Pre-ask strategy session,1
681,78,4,Phone Call,2024-10-26,Call re: event invitation,1
682,78,5,Meeting,2024-02-14,Coffee meeting downtown,1
683,78,6,Event Attendance,2023-11-20,Advisory board meeting,1
684,78,7,Site Visit,2023-06-06,Arts center opening,1
685,78,8,Portfolio Review,2022-12-18,Solicitation debrief,1
686,78,9,Phone Call,2022-10-11,Called to share impact story,1
687,78,10,Event Attendance,2022-06-17,Regional club event,1
688,79,1,Meeting,2025-11-12,Coffee meeting downtown,1
689,79,2,Event Attendance,2025-06-28,Regional club event,1
690,79,3,Phone Call,2024-08-20,Call re: event invitation,1
691,79,4,Portfolio Review,2024-06-23,Pre-ask strategy session,1
692,79,5,Event Attendance,2023-07-09,Homecoming reception,1
693,79,6,Portfolio Review,2023-06-19,Debrief after proposal conversation,1
694,79,7,Email,2023-04-17,Proposal follow-up email,1
695,79,8,Portfolio Review,2022-10-28,Discussed ask timing with director,1
696,80,1,Site Visit,2026-05-11,Met scholarship recipient,1
697,80,2,Phone Call,2026-02-13,Brief check-in,1
698,80,3,Event Attendance,2025-09-10,Campaign kickoff event,1
699,80,4,Event Attendance,2025-09-08,Alumni leadership weekend,1
700,80,5,Email,2024-09-18,Proposal follow-up email,1
701,80,6,Email,2023-11-14,Annual fund solicitation,1
702,80,7,Portfolio Review,2023-03-06,Internal portfolio review,1
703,80,8,Portfolio Review,2022-09-26,Pre-ask strategy session,1
704,81,1,Meeting,2025-11-02,Lunch at faculty club,1
705,81,2,Meeting,2025-10-18,Discussed naming opportunity,1
706,81,3,Phone Call,2025-07-25,Touched base on family news,1
707,81,4,Phone Call,2025-04-22,Touched base on family news,1
708,81,5,Meeting,2024-12-30,Stewardship dinner,1
709,81,6,Portfolio Review,2024-07-19,Discussed ask timing with director,1
710,81,7,Site Visit,2024-05-12,Athletic facility tour,1
711,81,8,Event Attendance,2024-01-29,Campaign kickoff event,1
712,81,9,Site Visit,2024-01-01,Visited endowed professorship,1
713,81,10,Email,2023-11-03,Annual fund solicitation,1
714,81,11,Site Visit,2023-06-29,Arts center opening,1
715,81,12,Site Visit,2023-02-14,Campus tour with family,1
716,81,13,Portfolio Review,2022-05-25,Pre-ask strategy session,1
717,82,1,Portfolio Review,2025-09-03,Pre-ask strategy session,1
718,82,2,Phone Call,2025-07-30,Called to share impact story,1
719,82,3,Event Attendance,2025-06-22,Homecoming reception,1
720,82,4,Portfolio Review,2023-09-02,Internal portfolio review,1
721,82,5,Site Visit,2023-07-21,Campus tour with family,1
722,83,1,Site Visit,2025-09-20,Toured new building,1
723,83,2,Meeting,2025-07-04,Stewardship dinner,1
724,83,3,Event Attendance,2024-04-25,Regional club event,1
725,83,4,Meeting,2023-04-03,Follow-up meeting re: proposal,1
726,83,5,Phone Call,2023-01-05,Solicitation follow-up,1
727,84,1,Event Attendance,2026-03-25,Commencement ceremony,1
728,84,2,Meeting,2025-08-03,Discovery meeting,1
729,84,3,Email,2025-08-02,Shared news article of interest,1
730,84,4,Phone Call,2024-09-26,Touched base on family news,1
731,84,5,Meeting,2024-09-07,Lunch at faculty club,1
732,84,6,Event Attendance,2024-09-04,Advisory board meeting,1
733,84,7,Meeting,2024-04-15,Coffee meeting downtown,1
734,84,8,Site Visit,2023-08-30,Campus tour with family,1
735,85,1,Meeting,2025-08-23,Met spouse for first time,1
736,85,2,Portfolio Review,2025-08-11,Discussed ask timing with director,1
737,85,3,Site Visit,2025-07-20,Campus tour with family,1
738,85,4,Phone Call,2024-08-25,Confirmed meeting time,1
739,85,5,Email,2024-07-24,Sent birthday greeting,1
740,85,6,Meeting,2024-06-29,Campus visit scheduled,1
741,85,7,Site Visit,2024-04-09,Arts center opening,1
742,85,8,Email,2023-11-14,Event invitation,1
743,85,9,Phone Call,2023-11-12,Check-in call,1
744,85,10,Event Attendance,2023-11-07,Regional club event,1
745,85,11,Event Attendance,2023-10-21,Homecoming reception,1
746,85,12,Portfolio Review,2023-09-21,Discussed ask timing with director,1
747,85,13,Meeting,2023-07-23,Met at alumni event,1
748,85,14,Event Attendance,2023-03-20,Campaign kickoff event,1
749,85,15,Event Attendance,2022-12-28,Attended gala,1
750,85,16,Event Attendance,2022-10-26,Campaign kickoff event,1
751,85,17,Phone Call,2022-08-24,Touched base on family news,1
752,86,1,Event Attendance,2026-04-13,Advisory board meeting,2
753,86,2,Site Visit,2026-04-13,Athletic facility tour,2
754,86,3,Meeting,2025-11-29,Initial in-person meeting,2
755,86,4,Meeting,2025-09-17,Stewardship dinner,2
756,86,5,Site Visit,2025-05-18,Lab walkthrough with faculty,2
757,86,6,Site Visit,2025-03-26,Toured new building,2
758,86,7,Event Attendance,2025-01-04,Advisory board meeting,2
759,86,8,Site Visit,2024-11-04,Met scholarship recipient,2
760,86,9,Meeting,2023-11-24,Lunch at faculty club,2
761,86,10,Meeting,2023-05-28,Follow-up meeting re: proposal,2
762,86,11,Phone Call,2023-02-20,Call re: event invitation,2
763,86,12,Phone Call,2022-09-11,Discussed pledge payment,2
764,86,13,Email,2022-06-06,Event invitation,2
765,87,1,Phone Call,2026-01-21,Check-in call,2
766,87,2,Portfolio Review,2025-06-09,Debrief after proposal conversation,2
767,87,3,Email,2024-08-31,Updated on campaign progress,2
768,87,4,Meeting,2024-07-24,Stewardship dinner,2
769,87,5,Phone Call,2024-02-07,Confirmed meeting time,2
770,87,6,Email,2022-12-10,Proposal follow-up email,2
771,87,7,Site Visit,2022-08-01,Visited endowed professorship,2
772,88,1,Site Visit,2026-02-04,Athletic facility tour,2
773,88,2,Event Attendance,2025-04-02,Commencement ceremony,2
774,88,3,Meeting,2025-01-22,Discovery meeting,2
775,88,4,Meeting,2025-01-16,Stewardship dinner,2
776,88,5,Site Visit,2023-02-06,Athletic facility tour,2
777,88,6,Site Visit,2023-01-15,Toured new building,2
778,89,1,Portfolio Review,2026-04-13,Strategy call with leadership,2
779,89,2,Phone Call,2026-03-23,Call re: event invitation,2
780,89,3,Event Attendance,2025-10-26,Commencement ceremony,2
781,89,4,Site Visit,2025-01-28,Toured new building,2
782,89,5,Portfolio Review,2025-01-02,Discussed ask timing with director,2
783,89,6,Phone Call,2024-11-16,Discussed pledge payment,2
784,89,7,Email,2024-02-07,Sent birthday greeting,2
785,89,8,Phone Call,2023-04-13,Left voicemail,2
786,89,9,Event Attendance,2023-04-11,Commencement ceremony,2
787,89,10,Event Attendance,2023-02-06,Athletic event in donor suite,2
788,89,11,Meeting,2022-11-01,Coffee meeting downtown,2
789,89,12,Site Visit,2022-08-08,Visited endowed professorship,2
790,90,1,Meeting,2025-06-13,Coffee meeting downtown,2
791,90,2,Site Visit,2024-10-06,Met scholarship recipient,2
792,90,3,Event Attendance,2022-09-22,Regional club event,2
793,91,1,Portfolio Review,2026-02-17,Debrief after proposal conversation,2
794,91,2,Phone Call,2025-12-29,Called to share impact story,2
795,91,3,Email,2025-11-19,Updated on campaign progress,2
796,91,4,Phone Call,2025-06-25,Brief check-in,2
797,91,5,Event Attendance,2025-03-12,Advisory board meeting,2
798,91,6,Portfolio Review,2024-10-22,Reviewed prospect strategy with team,2
799,91,7,Portfolio Review,2024-09-13,Reviewed prospect strategy with team,2
800,91,8,Portfolio Review,2024-06-01,Pre-ask strategy session,2
801,91,9,Email,2024-04-03,Shared news article of interest,2
802,91,10,Portfolio Review,2024-03-03,Reviewed prospect strategy with team,2
803,91,11,Email,2023-07-11,Shared news article of interest,2
804,91,12,Site Visit,2023-05-24,Athletic facility tour,2
805,91,13,Email,2023-03-25,Sent impact report,2
806,91,14,Portfolio Review,2023-02-08,Internal portfolio review,2
807,91,15,Portfolio Review,2022-11-04,Debrief after proposal conversation,2
808,92,1,Portfolio Review,2026-05-13,Internal portfolio review,2
809,92,2,Site Visit,2026-05-02,Athletic facility tour,2
810,92,3,Portfolio Review,2023-09-19,Solicitation debrief,2
811,93,1,Email,2026-03-19,Updated on campaign progress,2
812,93,2,Event Attendance,2025-12-14,Advisory board meeting,2
813,93,3,Site Visit,2025-12-06,Lab walkthrough with faculty,2
814,93,4,Portfolio Review,2025-09-11,Debrief after proposal conversation,2
815,93,5,Meeting,2024-03-08,Initial in-person meeting,2
816,93,6,Email,2023-11-22,Shared news article of interest,2
817,93,7,Site Visit,2023-05-15,Toured new building,2
818,93,8,Phone Call,2023-05-14,Check-in call,2
819,93,9,Email,2022-09-30,Sent thank-you note,2
820,93,10,Phone Call,2022-09-26,Solicitation follow-up,2
821,93,11,Event Attendance,2022-08-15,Regional club event,2
822,93,12,Portfolio Review,2022-08-14,Internal portfolio review,2
823,94,1,Email,2026-03-07,Forwarded dean's letter,2
824,94,2,Portfolio Review,2024-05-08,Solicitation debrief,2
825,94,3,Event Attendance,2023-08-14,Alumni leadership weekend,2
826,95,1,Phone Call,2025-10-06,Called to share impact story,2
827,95,2,Phone Call,2025-04-15,Brief check-in,2
828,95,3,Portfolio Review,2024-10-30,Solicitation debrief,2
829,95,4,Event Attendance,2024-03-01,President's dinner,2
830,95,5,Meeting,2023-08-14,Met spouse for first time,2
831,95,6,Phone Call,2023-08-01,Solicitation follow-up,2
832,95,7,Phone Call,2023-03-13,Call re: event invitation,2
833,95,8,Event Attendance,2022-10-22,Alumni leadership weekend,2
834,96,1,Meeting,2025-04-24,Year-end thank-you lunch,2
835,96,2,Portfolio Review,2024-11-06,Discussed ask timing with director,2
836,96,3,Event Attendance,2022-08-02,Regional club event,2
837,97,1,Site Visit,2026-05-17,Campus tour with family,2
838,97,2,Email,2026-02-04,Sent birthday greeting,2
839,97,3,Meeting,2025-09-14,Year-end thank-you lunch,2
840,97,4,Phone Call,2024-11-06,Check-in call,2
841,97,5,Email,2024-07-29,Updated on campaign progress,2
842,97,6,Event Attendance,2024-02-08,Athletic event in donor suite,2
843,97,7,Email,2023-12-29,Sent impact report,2
844,97,8,Site Visit,2023-12-18,Lab walkthrough with faculty,2
845,97,9,Email,2023-11-04,Event invitation,2
846,97,10,Event Attendance,2023-06-25,Attended gala,2
847,97,11,Portfolio Review,2023-03-31,Internal portfolio review,2
848,97,12,Portfolio Review,2022-10-17,Pre-ask strategy session,2
849,97,13,Meeting,2022-09-28,Met at alumni event,2
850,97,14,Phone Call,2022-08-12,Discussed pledge payment,2
851,97,15,Email,2022-07-29,Proposal follow-up email,2
852,98,1,Portfolio Review,2022-11-16,Debrief after proposal conversation,2
853,99,1,Email,2026-04-02,Proposal follow-up email,2
854,99,2,Phone Call,2023-12-19,Solicitation follow-up,2
855,99,3,Site Visit,2023-09-12,Lab walkthrough with faculty,2
856,99,4,Email,2023-01-24,Sent impact report,2
857,99,5,Email,2022-11-16,Sent birthday greeting,2
858,100,1,Meeting,2025-12-23,Lunch at faculty club,2
859,100,2,Meeting,2025-11-07,Coffee meeting downtown,2
860,100,3,Site Visit,2023-12-05,Met scholarship recipient,2
861,100,4,Portfolio Review,2023-11-19,Debrief after proposal conversation,2
862,100,5,Phone Call,2023-02-21,Check-in call,2
863,100,6,Site Visit,2023-01-09,Toured new building,2
864,100,7,Email,2022-11-30,Annual fund solicitation,2
865,100,8,Portfolio Review,2022-11-18,Pre-ask strategy session,2
866,101,1,Portfolio Review,2025-10-25,Debrief after proposal conversation,2
867,102,1,Event Attendance,2026-04-30,Homecoming reception,2
868,102,2,Email,2026-02-04,Sent impact report,2
869,102,3,Site Visit,2025-11-06,Athletic facility tour,2
870,102,4,Email,2025-01-29,Annual fund solicitation,2
871,102,5,Phone Call,2024-09-25,Solicitation follow-up,2
872,102,6,Meeting,2024-03-31,Coffee meeting downtown,2
873,102,7,Event Attendance,2024-03-26,Homecoming reception,2
874,102,8,Event Attendance,2024-02-19,Alumni leadership weekend,2
875,102,9,Event Attendance,2024-01-31,President's dinner,2
876,102,10,Portfolio Review,2023-12-27,Discussed ask timing with director,2
877,102,11,Email,2023-11-05,Sent thank-you note,2
878,102,12,Site Visit,2023-10-14,Campus tour with family,2
879,102,13,Portfolio Review,2023-01-10,Discussed ask timing with director,2
880,102,14,Site Visit,2022-12-04,Lab walkthrough with faculty,2
881,102,15,Phone Call,2022-11-21,Discussed pledge payment,2
882,102,16,Meeting,2022-09-08,Coffee meeting downtown,2
883,103,1,Email,2024-08-21,Proposal follow-up email,2
884,103,2,Event Attendance,2023-12-11,Campaign kickoff event,2
885,103,3,Phone Call,2023-07-06,Discussed pledge payment,2
886,103,4,Site Visit,2023-02-09,Met scholarship recipient,2
887,103,5,Event Attendance,2022-09-25,Advisory board meeting,2
888,104,1,Meeting,2026-05-05,Met at alumni event,2
889,104,2,Event Attendance,2025-07-29,Campaign kickoff event,2
890,104,3,Meeting,2024-04-26,Discussed naming opportunity,2
891,104,4,Email,2023-06-26,Shared news article of interest,2
892,104,5,Phone Call,2023-02-05,Left voicemail,2
893,104,6,Meeting,2022-09-13,Stewardship dinner,2
894,104,7,Phone Call,2022-08-01,Touched base on family news,2
895,105,1,Site Visit,2025-10-19,Visited endowed professorship,2
896,105,2,Meeting,2025-06-23,Initial in-person meeting,2
897,105,3,Phone Call,2024-09-15,Check-in call,2
898,105,4,Portfolio Review,2024-07-17,Internal portfolio review,2
899,105,5,Portfolio Review,2024-07-12,Internal portfolio review,2
900,105,6,Site Visit,2024-07-03,Athletic facility tour,2
901,105,7,Phone Call,2024-01-15,Left voicemail,2
902,105,8,Site Visit,2023-03-19,Arts center opening,2
903,105,9,Email,2023-02-22,Updated on campaign progress,2
904,105,10,Phone Call,2023-01-09,Confirmed meeting time,2
905,105,11,Phone Call,2022-12-07,Check-in call,2
906,105,12,Email,2022-07-03,Sent impact report,2
907,106,1,Event Attendance,2026-03-21,Advisory board meeting,2
908,106,2,Meeting,2025-09-28,Coffee meeting downtown,2
909,106,3,Phone Call,2025-08-03,Left voicemail,2
910,106,4,Email,2025-04-18,Holiday greeting,2
911,106,5,Phone Call,2024-10-03,Call re: event invitation,2
912,106,6,Portfolio Review,2024-05-19,Internal portfolio review,2
913,106,7,Email,2023-12-02,Sent birthday greeting,2
914,106,8,Phone Call,2023-04-11,Discussed pledge payment,2
915,106,9,Phone Call,2022-11-06,Check-in call,2
916,107,1,Site Visit,2026-04-09,Arts center opening,2
917,107,2,Meeting,2025-10-26,Stewardship dinner,2
918,107,3,Phone Call,2025-08-13,Call re: event invitation,2
919,107,4,Site Visit,2024-12-01,Lab walkthrough with faculty,2
920,107,5,Email,2022-08-03,Sent thank-you note,2
921,108,1,Email,2026-01-08,Annual fund solicitation,2
922,108,2,Site Visit,2025-09-21,Arts center opening,2
923,108,3,Phone Call,2025-08-27,Check-in call,2
924,108,4,Event Attendance,2025-07-30,Alumni leadership weekend,2
925,108,5,Event Attendance,2025-06-05,Regional club event,2
926,108,6,Phone Call,2025-04-28,Introduced new initiative,2
927,108,7,Phone Call,2025-04-24,Check-in call,2
928,108,8,Portfolio Review,2024-04-15,Strategy call with leadership,2
929,108,9,Email,2024-04-07,Holiday greeting,2
930,108,10,Event Attendance,2023-12-15,Athletic event in donor suite,2
931,108,11,Phone Call,2023-06-07,Solicitation follow-up,2
932,108,12,Site Visit,2023-05-27,Visited endowed professorship,2
933,108,13,Portfolio Review,2022-11-22,Discussed ask timing with director,2
934,108,14,Meeting,2022-06-29,Office visit,2
935,108,15,Event Attendance,2022-05-26,Commencement ceremony,2
936,109,1,Event Attendance,2024-04-15,Athletic event in donor suite,2
937,109,2,Phone Call,2023-08-04,Introduced new initiative,2
938,109,3,Portfolio Review,2023-07-14,Reviewed prospect strategy with team,2
939,110,1,Phone Call,2026-03-08,Touched base on family news,2
940,110,2,Phone Call,2025-03-23,Confirmed meeting time,2
941,110,3,Phone Call,2025-02-26,Call re: event invitation,2
942,110,4,Site Visit,2024-11-18,Campus tour with family,2
943,110,5,Event Attendance,2024-02-20,President's dinner,2
944,110,6,Email,2023-09-24,Proposal follow-up email,2
945,110,7,Event Attendance,2023-09-05,Homecoming reception,2
946,110,8,Phone Call,2023-08-12,Solicitation follow-up,2
947,110,9,Email,2023-02-16,Forwarded dean's letter,2
948,110,10,Event Attendance,2023-02-11,Advisory board meeting,2
949,110,11,Phone Call,2022-10-23,Brief check-in,2
950,110,12,Meeting,2022-09-29,Initial in-person meeting,2
951,110,13,Event Attendance,2022-06-29,Advisory board meeting,2
952,111,1,Site Visit,2026-04-01,Lab walkthrough with faculty,2
953,111,2,Email,2025-05-19,Event invitation,2
954,111,3,Email,2024-11-08,Event invitation,2
955,111,4,Email,2024-08-10,Sent birthday greeting,2
956,111,5,Event Attendance,2024-04-29,Campaign kickoff event,2
957,111,6,Portfolio Review,2024-03-29,Debrief after proposal conversation,2
958,111,7,Email,2024-02-04,Shared news article of interest,2
959,111,8,Meeting,2023-12-18,Lunch at faculty club,2
960,111,9,Meeting,2023-11-10,Stewardship dinner,2
961,111,10,Meeting,2023-10-07,Follow-up meeting re: proposal,2
962,111,11,Phone Call,2023-08-07,Introduced new initiative,2
963,112,1,Event Attendance,2025-04-26,President's dinner,2
964,112,2,Portfolio Review,2024-12-25,Solicitation debrief,2
965,112,3,Event Attendance,2024-11-05,Regional club event,2
966,112,4,Meeting,2024-09-09,Discovery meeting,2
967,112,5,Email,2024-07-16,Sent thank-you note,2
968,112,6,Site Visit,2022-08-08,Campus tour with family,2
969,112,7,Event Attendance,2022-07-22,Attended gala,2
970,112,8,Site Visit,2022-06-06,Arts center opening,2
971,113,1,Meeting,2025-07-20,Stewardship dinner,2
972,113,2,Phone Call,2025-03-18,Confirmed meeting time,2
973,113,3,Portfolio Review,2025-02-11,Pre-ask strategy session,2
974,113,4,Phone Call,2025-02-09,Touched base on family news,2
975,113,5,Site Visit,2025-01-28,Visited endowed professorship,2
976,113,6,Event Attendance,2024-06-23,Attended gala,2
977,113,7,Email,2024-02-27,Holiday greeting,2
978,113,8,Event Attendance,2023-10-20,President's dinner,2
979,113,9,Email,2023-10-05,Sent impact report,2
980,113,10,Site Visit,2023-09-23,Visited endowed professorship,2
981,113,11,Portfolio Review,2023-06-30,Strategy call with leadership,2
982,113,12,Email,2023-04-16,Sent thank-you note,2
983,113,13,Phone Call,2023-02-04,Confirmed meeting time,2
984,114,1,Portfolio Review,2024-02-15,Discussed ask timing with director,2
985,114,2,Email,2022-07-17,Sent thank-you note,2
986,115,1,Event Attendance,2026-04-04,Commencement ceremony,2
987,115,2,Site Visit,2026-03-17,Lab walkthrough with faculty,2
988,115,3,Site Visit,2025-08-10,Toured new building,2
989,115,4,Event Attendance,2025-07-11,Commencement ceremony,2
990,115,5,Phone Call,2024-07-14,Touched base on family news,2
991,115,6,Meeting,2023-03-16,Stewardship dinner,2
992,116,1,Phone Call,2026-03-28,Left voicemail,2
993,116,2,Meeting,2026-03-17,Discussed naming opportunity,2
994,116,3,Email,2025-11-12,Shared news article of interest,2
995,116,4,Phone Call,2025-10-20,Call re: event invitation,2
996,116,5,Portfolio Review,2025-06-04,Discussed ask timing with director,2
997,116,6,Meeting,2025-05-23,Initial in-person meeting,2
998,116,7,Meeting,2024-09-05,Stewardship dinner,2
999,116,8,Event Attendance,2023-11-09,Attended gala,2
1000,116,9,Phone Call,2023-08-25,Introduced new initiative,2
1001,116,10,Site Visit,2023-04-15,Campus tour with family,2
1002,116,11,Phone Call,2023-01-02,Solicitation follow-up,2
1003,116,12,Phone Call,2022-10-21,Called to share impact story,2
1004,116,13,Site Visit,2022-08-08,Campus tour with family,2
1005,116,14,Portfolio Review,2022-07-10,Debrief after proposal conversation,2
1006,117,1,Event Attendance,2025-08-28,Athletic event in donor suite,2
1007,117,2,Email,2025-06-30,Shared news article of interest,2
1008,117,3,Meeting,2025-04-01,Office visit,2
1009,117,4,Site Visit,2025-03-26,Toured new building,2
1010,117,5,Site Visit,2025-03-25,Athletic facility tour,2
1011,117,6,Phone Call,2024-08-25,Called to share impact story,2
1012,117,7,Email,2024-08-24,Annual fund solicitation,2
1013,117,8,Site Visit,2023-12-18,Campus tour with family,2
1014,117,9,Site Visit,2023-09-22,Athletic facility tour,2
1015,117,10,Meeting,2023-03-01,Year-end thank-you lunch,2
1016,117,11,Meeting,2023-02-03,Discovery meeting,2
1017,117,12,Portfolio Review,2023-01-01,Pre-ask strategy session,2
1018,117,13,Email,2022-08-29,Proposal follow-up email,2
1019,117,14,Site Visit,2022-05-29,Athletic facility tour,2
1020,118,1,Event Attendance,2025-05-19,Commencement ceremony,2
1021,118,2,Site Visit,2024-12-27,Campus tour with family,2
1022,118,3,Portfolio Review,2024-01-22,Internal portfolio review,2
1023,119,1,Site Visit,2026-02-21,Campus tour with family,2
1024,119,2,Event Attendance,2026-01-05,Homecoming reception,2
1025,119,3,Email,2025-11-07,Event invitation,2
1026,119,4,Meeting,2025-07-02,Follow-up meeting re: proposal,2
1027,119,5,Email,2025-03-03,Updated on campaign progress,2
1028,119,6,Site Visit,2025-01-16,Lab walkthrough with faculty,2
1029,119,7,Email,2024-11-07,Shared news article of interest,2
1030,119,8,Event Attendance,2024-10-01,Attended gala,2
1031,119,9,Site Visit,2024-03-07,Toured new building,2
1032,119,10,Meeting,2023-05-16,Campus visit scheduled,2
1033,119,11,Portfolio Review,2022-11-12,Solicitation debrief,2
1034,119,12,Portfolio Review,2022-08-25,Pre-ask strategy session,2
1035,119,13,Site Visit,2022-06-22,Met scholarship recipient,2
1036,119,14,Portfolio Review,2022-06-21,Pre-ask strategy session,2
1037,120,1,Email,2026-04-30,Event invitation,2
1038,120,2,Portfolio Review,2026-03-05,Internal portfolio review,2
1039,120,3,Email,2024-02-29,Forwarded dean's letter,2
1040,121,1,Meeting,2026-01-02,Met spouse for first time,2
1041,121,2,Meeting,2025-12-03,Office visit,2
1042,121,3,Email,2025-08-07,Event invitation,2
1043,121,4,Event Attendance,2025-06-25,Commencement ceremony,2
1044,121,5,Phone Call,2025-06-06,Solicitation follow-up,2
1045,121,6,Portfolio Review,2025-01-10,Strategy call with leadership,2
1046,121,7,Meeting,2024-10-27,Campus visit scheduled,2
1047,121,8,Email,2023-12-07,Holiday greeting,2
1048,121,9,Site Visit,2023-10-20,Met scholarship recipient,2
1049,121,10,Phone Call,2023-09-30,Left voicemail,2
1050,121,11,Portfolio Review,2023-04-24,Debrief after proposal conversation,2
1051,121,12,Portfolio Review,2022-09-14,Discussed ask timing with director,2
1052,122,1,Portfolio Review,2023-11-28,Debrief after proposal conversation,2
1053,123,1,Meeting,2026-05-12,Discussed naming opportunity,2
1054,123,2,Meeting,2026-02-11,Coffee meeting downtown,2
1055,123,3,Email,2026-02-03,Shared news article of interest,2
1056,123,4,Portfolio Review,2025-11-15,Solicitation debrief,2
1057,123,5,Meeting,2025-10-23,Met at alumni event,2
1058,123,6,Meeting,2025-04-07,Campus visit scheduled,2
1059,123,7,Phone Call,2025-04-03,Discussed pledge payment,2
1060,123,8,Meeting,2025-01-18,Discussed naming opportunity,2
1061,123,9,Event Attendance,2024-12-26,Homecoming reception,2
1062,123,10,Email,2024-08-28,Sent thank-you note,2
1063,123,11,Event Attendance,2024-04-14,Alumni leadership weekend,2
1064,123,12,Event Attendance,2024-04-09,Alumni leadership weekend,2
1065,123,13,Event Attendance,2024-03-13,Commencement ceremony,2
1066,123,14,Site Visit,2023-11-24,Toured new building,2
1067,123,15,Phone Call,2023-06-16,Left voicemail,2
1068,123,16,Meeting,2023-01-12,Stewardship dinner,2
1069,123,17,Email,2022-10-29,Holiday greeting,2
1070,123,18,Meeting,2022-10-17,Discussed naming opportunity,2
1071,123,19,Portfolio Review,2022-09-08,Reviewed prospect strategy with team,2
1072,123,20,Meeting,2022-09-03,Discussed naming opportunity,2
1073,123,21,Phone Call,2022-07-08,Touched base on family news,2
1074,124,1,Phone Call,2026-02-21,Confirmed meeting time,2
1075,124,2,Email,2026-01-06,Annual fund solicitation,2
1076,124,3,Site Visit,2026-01-04,Toured new building,2
1077,124,4,Portfolio Review,2024-10-28,Discussed ask timing with director,2
1078,124,5,Event Attendance,2024-04-26,President's dinner,2
1079,124,6,Email,2022-11-21,Event invitation,2
1080,124,7,Event Attendance,2022-09-28,Advisory board meeting,2
1081,124,8,Portfolio Review,2022-09-12,Solicitation debrief,2
1082,125,1,Email,2026-01-03,Sent impact report,2
1083,125,2,Event Attendance,2025-08-22,Athletic event in donor suite,2
1084,125,3,Site Visit,2025-05-27,Athletic facility tour,2
1085,125,4,Portfolio Review,2024-08-08,Solicitation debrief,2
1086,125,5,Phone Call,2024-07-10,Called to share impact story,2
1087,125,6,Event Attendance,2023-09-07,Attended gala,2
1088,125,7,Phone Call,2022-10-28,Check-in call,2
1089,125,8,Event Attendance,2022-08-26,Homecoming reception,2
1090,125,9,Email,2022-08-02,Shared news article of interest,2
1091,125,10,Portfolio Review,2022-07-13,Pre-ask strategy session,2
1092,125,11,Phone Call,2022-07-01,Brief check-in,2
1093,126,1,Phone Call,2026-01-19,Introduced new initiative,2
1094,127,1,Meeting,2026-03-05,Follow-up meeting re: proposal,2
1095,127,2,Site Visit,2025-08-20,Arts center opening,2
1096,127,3,Email,2025-07-15,Sent impact report,2
1097,127,4,Phone Call,2025-04-03,Introduced new initiative,2
1098,127,5,Email,2025-03-29,Shared news article of interest,2
1099,127,6,Phone Call,2025-01-19,Called to share impact story,2
1100,127,7,Meeting,2024-10-29,Campus visit scheduled,2
1101,127,8,Phone Call,2024-09-21,Left voicemail,2
1102,127,9,Event Attendance,2024-08-09,Commencement ceremony,2
1103,127,10,Event Attendance,2024-07-17,Advisory board meeting,2
1104,127,11,Phone Call,2024-04-12,Touched base on family news,2
1105,127,12,Portfolio Review,2023-11-25,Debrief after proposal conversation,2
1106,127,13,Meeting,2023-01-13,Initial in-person meeting,2
1107,127,14,Meeting,2022-10-15,Met at alumni event,2
1108,127,15,Meeting,2022-10-11,Campus visit scheduled,2
1109,128,1,Phone Call,2025-11-15,Brief check-in,2
1110,128,2,Event Attendance,2025-09-06,Alumni leadership weekend,2
1111,128,3,Phone Call,2025-03-29,Called to share impact story,2
1112,129,1,Portfolio Review,2025-06-19,Internal portfolio review,2
1113,129,2,Phone Call,2024-08-22,Confirmed meeting time,2
1114,129,3,Phone Call,2023-12-31,Brief check-in,2
1115,129,4,Phone Call,2023-10-08,Call re: event invitation,2
1116,130,1,Email,2025-12-09,Updated on campaign progress,2
1117,130,2,Site Visit,2025-04-04,Lab walkthrough with faculty,2
1118,130,3,Site Visit,2024-11-11,Campus tour with family,2
1119,130,4,Site Visit,2023-11-15,Athletic facility tour,2
1120,130,5,Event Attendance,2023-09-09,Commencement ceremony,2
1121,130,6,Phone Call,2023-02-26,Touched base on family news,2
1122,130,7,Meeting,2022-10-28,Discussed naming opportunity,2
1123,131,1,Event Attendance,2025-12-02,Athletic event in donor suite,2
1124,131,2,Meeting,2025-07-13,Stewardship dinner,2
1125,131,3,Phone Call,2025-05-27,Touched base on family news,2
1126,131,4,Phone Call,2024-12-11,Discussed pledge payment,2
1127,131,5,Phone Call,2024-10-18,Check-in call,2
1128,131,6,Meeting,2024-09-14,Follow-up meeting re: proposal,2
1129,131,7,Portfolio Review,2024-09-02,Solicitation debrief,2
1130,131,8,Email,2024-04-13,Forwarded dean's letter,2
1131,131,9,Site Visit,2024-04-02,Campus tour with family,2
1132,131,10,Site Visit,2023-11-05,Arts center opening,2
1133,131,11,Email,2023-10-15,Updated on campaign progress,2
1134,131,12,Site Visit,2023-05-17,Met scholarship recipient,2
1135,131,13,Portfolio Review,2023-04-15,Discussed ask timing with director,2
1136,131,14,Meeting,2023-01-19,Discussed naming opportunity,2
1137,132,1,Site Visit,2026-03-03,Toured new building,2
1138,132,2,Email,2026-01-23,Sent impact report,2
1139,132,3,Portfolio Review,2025-09-09,Solicitation debrief,2
1140,132,4,Portfolio Review,2025-06-23,Internal portfolio review,2
1141,132,5,Email,2025-04-19,Annual fund solicitation,2
1142,132,6,Site Visit,2025-01-10,Arts center opening,2
1143,132,7,Phone Call,2025-01-01,Call re: event invitation,2
1144,132,8,Phone Call,2024-12-15,Brief check-in,2
1145,132,9,Event Attendance,2024-06-07,President's dinner,2
1146,132,10,Meeting,2024-04-27,Lunch at faculty club,2
1147,132,11,Meeting,2024-03-24,Campus visit scheduled,2
1148,132,12,Portfolio Review,2024-03-23,Pre-ask strategy session,2
1149,132,13,Site Visit,2024-01-04,Arts center opening,2
1150,132,14,Event Attendance,2023-12-10,Homecoming reception,2
1151,132,15,Event Attendance,2023-08-25,Alumni leadership weekend,2
1152,132,16,Site Visit,2023-07-13,Lab walkthrough with faculty,2
1153,132,17,Site Visit,2023-03-20,Met scholarship recipient,2
1154,132,18,Portfolio Review,2022-10-29,Reviewed prospect strategy with team,2
1155,132,19,Event Attendance,2022-09-26,Campaign kickoff event,2
1156,132,20,Portfolio Review,2022-07-11,Pre-ask strategy session,2
1157,132,21,Event Attendance,2022-06-25,Regional club event,2
1158,132,22,Portfolio Review,2022-05-30,Pre-ask strategy session,2
1159,133,1,Portfolio Review,2025-10-10,Internal portfolio review,2
1160,133,2,Portfolio Review,2025-08-02,Pre-ask strategy session,2
1161,133,3,Portfolio Review,2024-11-17,Reviewed prospect strategy with team,2
1162,133,4,Meeting,2024-06-15,Office visit,2
1163,133,5,Site Visit,2023-03-06,Toured new building,2
1164,133,6,Meeting,2022-10-27,Lunch at faculty club,2
1165,134,1,Phone Call,2025-08-19,Touched base on family news,2
1166,134,2,Phone Call,2025-06-06,Called to share impact story,2
1167,134,3,Meeting,2025-05-25,Initial in-person meeting,2
1168,134,4,Event Attendance,2025-05-05,Alumni leadership weekend,2
1169,134,5,Phone Call,2024-10-08,Left voicemail,2
1170,134,6,Meeting,2024-04-14,Year-end thank-you lunch,2
1171,134,7,Phone Call,2024-01-19,Left voicemail,2
1172,134,8,Email,2023-12-21,Updated on campaign progress,2
1173,134,9,Site Visit,2023-06-11,Arts center opening,2
1174,134,10,Event Attendance,2022-09-19,Homecoming reception,2
1175,134,11,Portfolio Review,2022-06-10,Internal portfolio review,2
1176,135,1,Email,2026-01-10,Sent impact report,2
1177,135,2,Event Attendance,2025-11-27,Alumni leadership weekend,2
1178,135,3,Site Visit,2025-09-08,Campus tour with family,2
1179,135,4,Portfolio Review,2024-11-01,Strategy call with leadership,2
1180,135,5,Meeting,2024-09-28,Coffee meeting downtown,2
1181,135,6,Meeting,2024-04-08,Discovery meeting,2
1182,136,1,Email,2026-05-07,Sent thank-you note,2
1183,136,2,Phone Call,2026-05-07,Introduced new initiative,2
1184,136,3,Portfolio Review,2026-02-25,Pre-ask strategy session,2
1185,136,4,Site Visit,2025-11-04,Athletic facility tour,2
1186,136,5,Meeting,2025-03-15,Stewardship dinner,2
1187,136,6,Email,2024-11-23,Event invitation,2
1188,136,7,Meeting,2024-07-01,Initial in-person meeting,2
1189,136,8,Portfolio Review,2024-06-30,Pre-ask strategy session,2
1190,136,9,Portfolio Review,2024-04-22,Strategy call with leadership,2
1191,136,10,Phone Call,2024-04-12,Check-in call,2
1192,136,11,Event Attendance,2023-12-24,Homecoming reception,2
1193,136,12,Event Attendance,2023-09-25,Regional club event,2
1194,136,13,Portfolio Review,2023-08-30,Strategy call with leadership,2
1195,136,14,Phone Call,2023-06-21,Introduced new initiative,2
1196,136,15,Site Visit,2023-06-17,Athletic facility tour,2
1197,136,16,Portfolio Review,2023-02-14,Solicitation debrief,2
1198,136,17,Site Visit,2023-01-03,Athletic facility tour,2
1199,136,18,Site Visit,2022-12-31,Arts center opening,2
1200,136,19,Phone Call,2022-08-28,Check-in call,2
1201,136,20,Portfolio Review,2022-07-25,Strategy call with leadership,2
1202,137,1,Site Visit,2026-04-17,Arts center opening,2
1203,137,2,Event Attendance,2026-02-17,Homecoming reception,2
1204,137,3,Email,2025-01-28,Updated on campaign progress,2
1205,137,4,Site Visit,2024-07-24,Arts center opening,2
1206,137,5,Portfolio Review,2024-05-14,Debrief after proposal conversation,2
1207,137,6,Portfolio Review,2023-11-24,Pre-ask strategy session,2
1208,137,7,Email,2023-09-02,Annual fund solicitation,2
1209,137,8,Phone Call,2022-12-26,Discussed pledge payment,2
1210,137,9,Event Attendance,2022-11-01,Campaign kickoff event,2
1211,137,10,Meeting,2022-08-02,Office visit,2
1212,138,1,Phone Call,2025-11-24,Touched base on family news,2
1213,138,2,Meeting,2024-09-11,Initial in-person meeting,2
1214,138,3,Portfolio Review,2023-10-08,Discussed ask timing with director,2
1215,138,4,Phone Call,2023-04-24,Left voicemail,2
1216,138,5,Phone Call,2022-08-12,Discussed pledge payment,2
1217,139,1,Email,2026-03-23,Updated on campaign progress,2
1218,139,2,Email,2025-10-17,Shared news article of interest,2
1219,139,3,Portfolio Review,2025-06-27,Reviewed prospect strategy with team,2
1220,139,4,Portfolio Review,2023-12-13,Pre-ask strategy session,2
1221,140,1,Event Attendance,2025-08-16,Athletic event in donor suite,2
1222,140,2,Meeting,2022-08-28,Year-end thank-you lunch,2
1223,141,1,Event Attendance,2025-02-17,Homecoming reception,2
1224,141,2,Portfolio Review,2023-02-27,Reviewed prospect strategy with team,2
1225,142,1,Meeting,2025-11-23,Lunch at faculty club,2
1226,142,2,Email,2025-09-27,Annual fund solicitation,2
1227,142,3,Phone Call,2025-02-18,Solicitation follow-up,2
1228,142,4,Event Attendance,2025-01-29,Advisory board meeting,2
1229,142,5,Phone Call,2024-12-07,Introduced new initiative,2
1230,142,6,Site Visit,2024-10-03,Athletic facility tour,2
1231,142,7,Portfolio Review,2024-03-31,Debrief after proposal conversation,2
1232,142,8,Email,2023-12-09,Sent impact report,2
1233,142,9,Event Attendance,2023-03-28,Campaign kickoff event,2
1234,142,10,Phone Call,2022-10-14,Confirmed meeting time,2
1235,142,11,Site Visit,2022-09-20,Met scholarship recipient,2
1236,143,1,Portfolio Review,2025-09-05,Discussed ask timing with director,2
1237,143,2,Event Attendance,2023-06-22,Alumni leadership weekend,2
1238,143,3,Meeting,2022-07-30,Discussed naming opportunity,2
1239,144,1,Phone Call,2025-07-29,Touched base on family news,2
1240,144,2,Portfolio Review,2024-09-21,Pre-ask strategy session,2
1241,144,3,Phone Call,2024-08-12,Brief check-in,2
1242,144,4,Email,2023-10-21,Holiday greeting,2
1243,144,5,Portfolio Review,2023-05-15,Solicitation debrief,2
1244,145,1,Event Attendance,2024-08-27,Homecoming reception,2
1245,145,2,Email,2024-08-04,Annual fund solicitation,2
1246,145,3,Site Visit,2023-01-11,Arts center opening,2
1247,146,1,Email,2023-08-12,Updated on campaign progress,2
1248,147,1,Portfolio Review,2025-07-13,Debrief after proposal conversation,2
1249,147,2,Phone Call,2025-03-16,Touched base on family news,2
1250,147,3,Portfolio Review,2025-02-15,Pre-ask strategy session,2
1251,147,4,Email,2024-07-08,Holiday greeting,2
1252,147,5,Meeting,2022-06-17,Follow-up meeting re: proposal,2
1253,148,1,Portfolio Review,2024-06-29,Pre-ask strategy session,2
1254,148,2,Email,2024-01-07,Updated on campaign progress,2
1255,149,1,Phone Call,2025-12-25,Called to share impact story,2
1256,149,2,Site Visit,2024-10-20,Toured new building,2
1257,149,3,Phone Call,2024-10-19,Introduced new initiative,2
1258,149,4,Event Attendance,2023-06-05,Attended gala,2
1259,149,5,Portfolio Review,2022-06-25,Reviewed prospect strategy with team,2
1260,150,1,Portfolio Review,2025-08-13,Solicitation debrief,2
1261,150,2,Meeting,2025-07-29,Stewardship dinner,2
1262,150,3,Portfolio Review,2025-06-20,Strategy call with leadership,2
1263,150,4,Event Attendance,2025-04-16,Homecoming reception,2
1264,150,5,Portfolio Review,2025-03-18,Strategy call with leadership,2
1265,150,6,Phone Call,2025-03-01,Confirmed meeting time,2
1266,150,7,Site Visit,2024-10-02,Arts center opening,2
1267,150,8,Phone Call,2023-11-29,Check-in call,2
1268,150,9,Meeting,2023-09-06,Stewardship dinner,2
1269,150,10,Site Visit,2023-02-24,Lab walkthrough with faculty,2
1270,150,11,Meeting,2022-09-19,Lunch at faculty club,2
1271,150,12,Event Attendance,2022-06-26,Advisory board meeting,2
1272,151,1,Portfolio Review,2026-03-13,Solicitation debrief,2
1273,151,2,Meeting,2025-09-20,Initial in-person meeting,2
1274,151,3,Portfolio Review,2025-07-21,Pre-ask strategy session,2
1275,151,4,Email,2025-06-02,Forwarded dean's letter,2
1276,151,5,Email,2025-01-13,Sent impact report,2
1277,151,6,Meeting,2025-01-05,Lunch at faculty club,2
1278,151,7,Meeting,2024-09-09,Lunch at faculty club,2
1279,151,8,Site Visit,2024-04-13,Arts center opening,2
1280,151,9,Portfolio Review,2024-02-29,Discussed ask timing with director,2
1281,151,10,Phone Call,2024-02-14,Check-in call,2
1282,151,11,Event Attendance,2023-12-15,Athletic event in donor suite,2
1283,151,12,Email,2023-08-25,Event invitation,2
1284,151,13,Event Attendance,2023-01-17,President's dinner,2
1285,151,14,Site Visit,2022-11-14,Campus tour with family,2
1286,151,15,Portfolio Review,2022-09-23,Solicitation debrief,2
1287,151,16,Site Visit,2022-07-13,Met scholarship recipient,2
1288,151,17,Event Attendance,2022-07-05,President's dinner,2
1289,152,1,Event Attendance,2026-04-11,Campaign kickoff event,2
1290,152,2,Site Visit,2026-01-11,Toured new building,2
1291,152,3,Event Attendance,2025-05-08,Campaign kickoff event,2
1292,152,4,Portfolio Review,2024-07-24,Strategy call with leadership,2
1293,152,5,Portfolio Review,2024-03-06,Debrief after proposal conversation,2
1294,152,6,Phone Call,2024-02-11,Solicitation follow-up,2
1295,152,7,Phone Call,2023-05-17,Brief check-in,2
1296,152,8,Portfolio Review,2023-04-09,Internal portfolio review,2
1297,152,9,Meeting,2022-06-16,Follow-up meeting re: proposal,2
1298,153,1,Phone Call,2026-03-02,Discussed pledge payment,2
1299,153,2,Meeting,2025-09-12,Follow-up meeting re: proposal,2
1300,153,3,Email,2025-08-31,Sent impact report,2
1301,153,4,Meeting,2024-08-16,Lunch at faculty club,2
1302,153,5,Event Attendance,2023-03-01,Regional club event,2
1303,154,1,Meeting,2025-06-04,Met at alumni event,2
1304,154,2,Email,2024-01-06,Sent impact report,2
1305,154,3,Event Attendance,2023-05-03,Regional club event,2
1306,154,4,Portfolio Review,2022-09-12,Discussed ask timing with director,2
1307,155,1,Phone Call,2026-02-19,Check-in call,2
1308,155,2,Phone Call,2025-10-31,Discussed pledge payment,2
1309,155,3,Email,2025-08-08,Shared news article of interest,2
1310,155,4,Phone Call,2025-03-18,Brief check-in,2
1311,155,5,Event Attendance,2024-08-19,Alumni leadership weekend,2
1312,155,6,Event Attendance,2024-05-30,Advisory board meeting,2
1313,155,7,Email,2023-08-21,Holiday greeting,2
1314,155,8,Portfolio Review,2023-07-11,Discussed ask timing with director,2
1315,155,9,Site Visit,2023-06-16,Toured new building,2
1316,155,10,Event Attendance,2023-05-15,Regional club event,2
1317,155,11,Email,2023-02-25,Updated on campaign progress,2
1318,155,12,Portfolio Review,2022-12-27,Internal portfolio review,2
1319,155,13,Site Visit,2022-09-02,Campus tour with family,2
1320,155,14,Meeting,2022-07-13,Discovery meeting,2
1321,155,15,Portfolio Review,2022-06-28,Pre-ask strategy session,2
1322,156,1,Portfolio Review,2025-12-28,Internal portfolio review,2
1323,156,2,Portfolio Review,2025-03-30,Reviewed prospect strategy with team,2
1324,156,3,Event Attendance,2024-11-16,Campaign kickoff event,2
1325,156,4,Event Attendance,2023-05-20,President's dinner,2
1326,156,5,Site Visit,2022-11-09,Visited endowed professorship,2
1327,156,6,Phone Call,2022-11-02,Introduced new initiative,2
1328,156,7,Site Visit,2022-06-24,Campus tour with family,2
1329,157,1,Event Attendance,2025-12-14,Commencement ceremony,2
1330,157,2,Meeting,2025-10-08,Stewardship dinner,2
1331,157,3,Portfolio Review,2025-09-08,Debrief after proposal conversation,2
1332,157,4,Email,2024-12-31,Sent thank-you note,2
1333,157,5,Email,2024-11-14,Holiday greeting,2
1334,157,6,Phone Call,2023-05-29,Call re: event invitation,2
1335,157,7,Meeting,2023-01-01,Lunch at faculty club,2
1336,157,8,Site Visit,2022-07-21,Lab walkthrough with faculty,2
1337,158,1,Email,2025-11-07,Annual fund solicitation,2
1338,158,2,Email,2025-10-18,Sent birthday greeting,2
1339,158,3,Email,2025-09-11,Annual fund solicitation,2
1340,158,4,Meeting,2025-05-27,Coffee meeting downtown,2
1341,158,5,Phone Call,2024-09-01,Introduced new initiative,2
1342,158,6,Site Visit,2023-08-23,Lab walkthrough with faculty,2
1343,158,7,Email,2023-06-08,Sent birthday greeting,2
1344,158,8,Event Attendance,2023-06-03,Commencement ceremony,2
1345,158,9,Site Visit,2023-02-01,Athletic facility tour,2
1346,159,1,Portfolio Review,2026-05-02,Reviewed prospect strategy with team,2
1347,159,2,Meeting,2025-09-05,Year-end thank-you lunch,2
1348,159,3,Portfolio Review,2025-08-02,Reviewed prospect strategy with team,2
1349,159,4,Portfolio Review,2025-07-07,Strategy call with leadership,2
1350,159,5,Phone Call,2024-12-07,Brief check-in,2
1351,159,6,Site Visit,2024-04-06,Arts center opening,2
1352,159,7,Site Visit,2023-07-05,Lab walkthrough with faculty,2
1353,159,8,Site Visit,2023-03-16,Met scholarship recipient,2
1354,159,9,Site Visit,2022-09-13,Athletic facility tour,2
1355,159,10,Email,2022-07-15,Proposal follow-up email,2
1356,160,1,Meeting,2025-12-10,Year-end thank-you lunch,2
1357,160,2,Phone Call,2025-11-24,Solicitation follow-up,2
1358,160,3,Phone Call,2025-11-18,Brief check-in,2
1359,160,4,Meeting,2025-02-07,Lunch at faculty club,2
1360,160,5,Portfolio Review,2024-09-03,Reviewed prospect strategy with team,2
1361,160,6,Event Attendance,2024-09-03,Athletic event in donor suite,2
1362,160,7,Meeting,2024-08-19,Discussed naming opportunity,2
1363,160,8,Portfolio Review,2024-02-09,Discussed ask timing with director,2
1364,160,9,Portfolio Review,2023-06-20,Internal portfolio review,2
1365,160,10,Site Visit,2022-10-30,Campus tour with family,2
1366,160,11,Event Attendance,2022-10-28,Campaign kickoff event,2
1367,161,1,Portfolio Review,2026-05-07,Strategy call with leadership,2
1368,161,2,Event Attendance,2026-04-23,Alumni leadership weekend,2
1369,161,3,Phone Call,2026-02-24,Solicitation follow-up,2
1370,161,4,Email,2025-09-08,Holiday greeting,2
1371,161,5,Event Attendance,2025-06-10,Advisory board meeting,2
1372,161,6,Meeting,2025-04-27,Discussed naming opportunity,2
1373,161,7,Site Visit,2025-01-06,Campus tour with family,2
1374,161,8,Phone Call,2024-06-14,Introduced new initiative,2
1375,161,9,Meeting,2024-02-11,Stewardship dinner,2
1376,161,10,Portfolio Review,2024-01-02,Internal portfolio review,2
1377,161,11,Event Attendance,2023-11-15,Homecoming reception,2
1378,161,12,Email,2023-06-05,Proposal follow-up email,2
1379,161,13,Site Visit,2023-05-23,Met scholarship recipient,2
1380,161,14,Email,2022-12-25,Shared news article of interest,2
1381,161,15,Meeting,2022-12-21,Year-end thank-you lunch,2
1382,161,16,Portfolio Review,2022-12-06,Discussed ask timing with director,2
1383,161,17,Site Visit,2022-09-05,Lab walkthrough with faculty,2
1384,161,18,Email,2022-07-21,Sent birthday greeting,2
1385,161,19,Meeting,2022-06-13,Initial in-person meeting,2
1386,162,1,Portfolio Review,2026-05-11,Internal portfolio review,2
1387,162,2,Site Visit,2026-05-09,Met scholarship recipient,2
1388,162,3,Meeting,2026-01-24,Lunch at faculty club,2
1389,162,4,Site Visit,2025-10-14,Campus tour with family,2
1390,162,5,Phone Call,2024-09-17,Solicitation follow-up,2
1391,162,6,Event Attendance,2024-07-18,Campaign kickoff event,2
1392,162,7,Phone Call,2024-06-04,Confirmed meeting time,2
1393,162,8,Meeting,2024-05-27,Initial in-person meeting,2
1394,162,9,Meeting,2024-05-23,Office visit,2
1395,162,10,Portfolio Review,2023-10-22,Reviewed prospect strategy with team,2
1396,162,11,Phone Call,2023-08-26,Touched base on family news,2
1397,162,12,Site Visit,2022-12-08,Met scholarship recipient,2
1398,163,1,Event Attendance,2025-05-13,Regional club event,2
1399,163,2,Meeting,2024-05-05,Initial in-person meeting,2
1400,163,3,Portfolio Review,2023-12-26,Strategy call with leadership,2
1401,164,1,Phone Call,2026-05-10,Confirmed meeting time,2
1402,164,2,Site Visit,2026-02-28,Arts center opening,2
1403,164,3,Email,2025-10-07,Sent impact report,2
1404,164,4,Phone Call,2025-08-08,Left voicemail,2
1405,164,5,Site Visit,2025-06-24,Arts center opening,2
1406,164,6,Email,2025-04-28,Event invitation,2
1407,164,7,Site Visit,2025-04-10,Campus tour with family,2
1408,164,8,Event Attendance,2024-10-15,Athletic event in donor suite,2
1409,164,9,Portfolio Review,2024-05-27,Solicitation debrief,2
1410,164,10,Phone Call,2024-05-16,Introduced new initiative,2
1411,164,11,Site Visit,2023-12-15,Athletic facility tour,2
1412,164,12,Portfolio Review,2022-05-30,Solicitation debrief,2
1413,165,1,Meeting,2025-10-09,Coffee meeting downtown,2
1414,165,2,Phone Call,2025-08-25,Discussed pledge payment,2
1415,166,1,Meeting,2026-04-24,Campus visit scheduled,2
1416,166,2,Email,2025-01-22,Updated on campaign progress,2
1417,166,3,Event Attendance,2023-08-01,Attended gala,2
1418,166,4,Site Visit,2022-07-20,Campus tour with family,2
1419,167,1,Email,2025-12-03,Shared news article of interest,2
1420,167,2,Portfolio Review,2025-09-28,Strategy call with leadership,2
1421,167,3,Site Visit,2025-07-13,Lab walkthrough with faculty,2
1422,167,4,Site Visit,2025-05-04,Arts center opening,2
1423,167,5,Meeting,2024-12-30,Year-end thank-you lunch,2
1424,167,6,Portfolio Review,2024-12-27,Discussed ask timing with director,2
1425,167,7,Event Attendance,2024-10-23,President's dinner,2
1426,167,8,Phone Call,2024-10-21,Brief check-in,2
1427,167,9,Portfolio Review,2023-12-25,Solicitation debrief,2
1428,167,10,Phone Call,2023-08-30,Left voicemail,2
1429,167,11,Meeting,2023-07-09,Office visit,2
1430,167,12,Site Visit,2022-12-04,Toured new building,2
1431,168,1,Meeting,2026-04-15,Discussed naming opportunity,2
1432,168,2,Site Visit,2025-11-16,Athletic facility tour,2
1433,168,3,Email,2025-07-26,Shared news article of interest,2
1434,168,4,Phone Call,2025-04-23,Introduced new initiative,2
1435,168,5,Site Visit,2025-04-08,Campus tour with family,2
1436,168,6,Meeting,2023-12-30,Follow-up meeting re: proposal,2
1437,168,7,Site Visit,2022-12-06,Arts center opening,2
1438,169,1,Email,2025-10-08,Updated on campaign progress,2
1439,169,2,Phone Call,2024-11-16,Introduced new initiative,2
1440,169,3,Meeting,2024-10-24,Office visit,2
1441,169,4,Meeting,2024-09-05,Coffee meeting downtown,2
1442,169,5,Meeting,2024-05-07,Campus visit scheduled,2
1443,170,1,Event Attendance,2025-03-13,Homecoming reception,2
1444,170,2,Site Visit,2024-10-25,Lab walkthrough with faculty,2
1445,170,3,Email,2024-10-14,Forwarded dean's letter,2
1446,170,4,Email,2023-09-28,Sent thank-you note,2
1447,171,1,Portfolio Review,2026-04-24,Strategy call with leadership,2
1448,171,2,Email,2025-11-04,Annual fund solicitation,2
1449,171,3,Event Attendance,2025-10-05,Advisory board meeting,2
1450,171,4,Phone Call,2025-08-28,Call re: event invitation,2
1451,171,5,Phone Call,2024-07-12,Brief check-in,2
1452,171,6,Site Visit,2024-05-13,Toured new building,2
1453,171,7,Meeting,2023-04-17,Office visit,2
1454,171,8,Portfolio Review,2022-08-20,Solicitation debrief,2
1455,171,9,Event Attendance,2022-07-23,Homecoming reception,2
1456,172,1,Event Attendance,2025-12-19,Advisory board meeting,2
1457,172,2,Email,2025-10-31,Forwarded dean's letter,2
1458,172,3,Phone Call,2025-04-26,Called to share impact story,2
1459,172,4,Portfolio Review,2025-04-21,Internal portfolio review,2
1460,172,5,Meeting,2023-11-21,Office visit,2
1461,172,6,Phone Call,2023-02-05,Confirmed meeting time,2
1462,172,7,Event Attendance,2022-09-19,Regional club event,2
1463,172,8,Event Attendance,2022-06-08,Advisory board meeting,2
1464,173,1,Portfolio Review,2023-11-15,Debrief after proposal conversation,2
1465,173,2,Site Visit,2022-11-09,Toured new building,2
1466,174,1,Meeting,2026-04-07,Met spouse for first time,2
1467,174,2,Meeting,2025-08-30,Year-end thank-you lunch,2
1468,174,3,Phone Call,2025-06-14,Confirmed meeting time,2
1469,174,4,Site Visit,2024-11-06,Arts center opening,2
1470,174,5,Event Attendance,2024-10-05,Campaign kickoff event,2
1471,174,6,Meeting,2024-01-14,Office visit,2
1472,174,7,Site Visit,2023-07-25,Visited endowed professorship,2
1473,174,8,Event Attendance,2023-06-14,Commencement ceremony,2
1474,174,9,Event Attendance,2023-01-10,Commencement ceremony,2
1475,174,10,Site Visit,2022-06-25,Athletic facility tour,2
1476,175,1,Event Attendance,2026-05-14,Alumni leadership weekend,2
1477,175,2,Event Attendance,2025-06-28,Attended gala,2
1478,175,3,Event Attendance,2025-05-10,Athletic event in donor suite,2
1479,175,4,Event Attendance,2025-03-24,Campaign kickoff event,2
1480,176,1,Meeting,2025-09-20,Follow-up meeting re: proposal,2
1481,176,2,Phone Call,2025-06-05,Call re: event invitation,2
1482,176,3,Meeting,2025-02-24,Campus visit scheduled,2
1483,176,4,Phone Call,2025-02-17,Call re: event invitation,2
1484,176,5,Phone Call,2024-11-18,Call re: event invitation,2
1485,176,6,Meeting,2024-09-22,Campus visit scheduled,2
1486,176,7,Phone Call,2024-09-07,Left voicemail,2
1487,176,8,Event Attendance,2023-04-17,Homecoming reception,2
1488,176,9,Meeting,2022-06-01,Campus visit scheduled,2
1489,177,1,Meeting,2024-07-26,Year-end thank-you lunch,2
1490,177,2,Event Attendance,2024-04-26,Regional club event,2
1491,177,3,Portfolio Review,2022-12-29,Internal portfolio review,2
1492,177,4,Site Visit,2022-11-03,Athletic facility tour,2
1493,178,1,Portfolio Review,2026-01-24,Strategy call with leadership,3
1494,178,2,Meeting,2024-07-26,Stewardship dinner,3
1495,179,1,Portfolio Review,2026-04-19,Solicitation debrief,3
1496,179,2,Portfolio Review,2025-10-16,Pre-ask strategy session,3
1497,179,3,Portfolio Review,2025-05-25,Reviewed prospect strategy with team,3
1498,179,4,Portfolio Review,2024-12-13,Solicitation debrief,3
1499,179,5,Event Attendance,2024-10-26,Campaign kickoff event,3
1500,179,6,Phone Call,2023-05-17,Touched base on family news,3
1501,179,7,Phone Call,2023-02-12,Introduced new initiative,3
1502,179,8,Email,2022-09-13,Shared news article of interest,3
1503,180,1,Site Visit,2025-07-07,Lab walkthrough with faculty,3
1504,180,2,Portfolio Review,2024-03-03,Solicitation debrief,3
1505,180,3,Site Visit,2022-11-09,Met scholarship recipient,3
1506,181,1,Portfolio Review,2025-11-11,Internal portfolio review,3
1507,181,2,Portfolio Review,2025-05-26,Reviewed prospect strategy with team,3
1508,181,3,Meeting,2025-05-15,Discovery meeting,3
1509,181,4,Phone Call,2025-05-08,Discussed pledge payment,3
1510,181,5,Site Visit,2025-04-30,Arts center opening,3
1511,181,6,Event Attendance,2023-10-24,Alumni leadership weekend,3
1512,181,7,Meeting,2023-09-13,Office visit,3
1513,181,8,Meeting,2023-08-21,Discussed naming opportunity,3
1514,181,9,Phone Call,2023-08-10,Touched base on family news,3
1515,181,10,Portfolio Review,2023-03-12,Pre-ask strategy session,3
1516,182,1,Site Visit,2026-04-27,Toured new building,3
1517,182,2,Meeting,2025-10-29,Coffee meeting downtown,3
1518,182,3,Portfolio Review,2025-08-13,Debrief after proposal conversation,3
1519,182,4,Phone Call,2024-04-08,Left voicemail,3
1520,182,5,Meeting,2023-06-08,Discovery meeting,3
1521,182,6,Phone Call,2023-01-02,Brief check-in,3
1522,183,1,Site Visit,2026-05-02,Visited endowed professorship,3
1523,183,2,Event Attendance,2025-11-28,Athletic event in donor suite,3
1524,183,3,Phone Call,2025-10-16,Call re: event invitation,3
1525,183,4,Email,2025-08-09,Forwarded dean's letter,3
1526,183,5,Phone Call,2025-04-02,Left voicemail,3
1527,183,6,Meeting,2024-06-27,Follow-up meeting re: proposal,3
1528,183,7,Portfolio Review,2023-05-07,Reviewed prospect strategy with team,3
1529,183,8,Portfolio Review,2022-06-03,Discussed ask timing with director,3
1530,184,1,Event Attendance,2026-04-08,Commencement ceremony,3
1531,184,2,Phone Call,2026-02-19,Check-in call,3
1532,184,3,Phone Call,2025-10-23,Check-in call,3
1533,184,4,Phone Call,2025-10-23,Confirmed meeting time,3
1534,184,5,Site Visit,2024-09-21,Lab walkthrough with faculty,3
1535,184,6,Email,2023-05-02,Proposal follow-up email,3
1536,185,1,Meeting,2025-10-25,Met spouse for first time,3
1537,185,2,Email,2025-10-08,Event invitation,3
1538,185,3,Email,2025-10-03,Event invitation,3
1539,185,4,Meeting,2025-06-08,Met spouse for first time,3
1540,185,5,Phone Call,2025-02-16,Discussed pledge payment,3
1541,185,6,Site Visit,2024-10-21,Athletic facility tour,3
1542,185,7,Email,2024-05-20,Annual fund solicitation,3
1543,185,8,Phone Call,2024-03-25,Confirmed meeting time,3
1544,185,9,Phone Call,2023-08-18,Call re: event invitation,3
1545,185,10,Event Attendance,2022-07-20,Regional club event,3
1546,185,11,Email,2022-07-15,Event invitation,3
1547,186,1,Phone Call,2026-05-17,Introduced new initiative,3
1548,186,2,Phone Call,2025-12-16,Confirmed meeting time,3
1549,186,3,Site Visit,2025-07-21,Arts center opening,3
1550,186,4,Site Visit,2024-11-24,Visited endowed professorship,3
1551,186,5,Meeting,2024-04-26,Lunch at faculty club,3
1552,186,6,Event Attendance,2023-08-03,Commencement ceremony,3
1553,186,7,Portfolio Review,2022-09-16,Reviewed prospect strategy with team,3
1554,186,8,Phone Call,2022-09-04,Solicitation follow-up,3
1555,186,9,Email,2022-05-26,Holiday greeting,3
1556,187,1,Site Visit,2024-08-06,Athletic facility tour,3
1557,187,2,Portfolio Review,2024-05-29,Reviewed prospect strategy with team,3
1558,187,3,Phone Call,2024-03-24,Left voicemail,3
1559,187,4,Site Visit,2024-01-04,Campus tour with family,3
1560,187,5,Event Attendance,2023-09-09,Athletic event in donor suite,3
1561,187,6,Event Attendance,2023-08-13,Campaign kickoff event,3
1562,187,7,Site Visit,2022-07-01,Athletic facility tour,3
1563,188,1,Phone Call,2025-12-01,Introduced new initiative,3
1564,188,2,Meeting,2025-11-24,Met at alumni event,3
1565,188,3,Meeting,2025-02-26,Stewardship dinner,3
1566,188,4,Event Attendance,2025-02-04,Athletic event in donor suite,3
1567,188,5,Phone Call,2024-03-25,Solicitation follow-up,3
1568,188,6,Meeting,2024-01-09,Stewardship dinner,3
1569,188,7,Email,2023-06-07,Holiday greeting,3
1570,188,8,Email,2023-02-23,Forwarded dean's letter,3
1571,188,9,Phone Call,2023-02-17,Called to share impact story,3
1572,188,10,Site Visit,2022-07-01,Lab walkthrough with faculty,3
1573,188,11,Phone Call,2022-06-12,Left voicemail,3
1574,189,1,Meeting,2025-08-12,Year-end thank-you lunch,3
1575,190,1,Meeting,2026-03-29,Met at alumni event,3
1576,190,2,Meeting,2026-03-21,Coffee meeting downtown,3
1577,190,3,Event Attendance,2026-01-31,Commencement ceremony,3
1578,190,4,Phone Call,2025-12-21,Discussed pledge payment,3
1579,190,5,Site Visit,2025-10-16,Arts center opening,3
1580,190,6,Phone Call,2025-08-05,Called to share impact story,3
1581,190,7,Portfolio Review,2025-08-01,Reviewed prospect strategy with team,3
1582,190,8,Site Visit,2025-07-25,Campus tour with family,3
1583,190,9,Portfolio Review,2025-07-02,Reviewed prospect strategy with team,3
1584,190,10,Site Visit,2024-05-03,Visited endowed professorship,3
1585,190,11,Portfolio Review,2024-04-20,Solicitation debrief,3
1586,190,12,Meeting,2024-04-08,Discovery meeting,3
1587,190,13,Meeting,2024-01-03,Office visit,3
1588,190,14,Meeting,2023-09-18,Campus visit scheduled,3
1589,190,15,Meeting,2023-02-15,Met spouse for first time,3
1590,190,16,Phone Call,2023-01-21,Called to share impact story,3
1591,190,17,Phone Call,2022-09-02,Check-in call,3
1592,190,18,Site Visit,2022-06-26,Visited endowed professorship,3
1593,190,19,Site Visit,2022-06-15,Arts center opening,3
1594,191,1,Event Attendance,2025-11-14,Commencement ceremony,3
1595,191,2,Phone Call,2025-07-04,Left voicemail,3
1596,191,3,Site Visit,2025-02-10,Athletic facility tour,3
1597,191,4,Meeting,2024-12-09,Met at alumni event,3
1598,191,5,Site Visit,2024-11-11,Lab walkthrough with faculty,3
1599,191,6,Portfolio Review,2024-09-02,Discussed ask timing with director,3
1600,191,7,Event Attendance,2024-01-05,Homecoming reception,3
1601,191,8,Portfolio Review,2023-07-29,Pre-ask strategy session,3
1602,191,9,Site Visit,2023-04-13,Met scholarship recipient,3
1603,191,10,Portfolio Review,2023-03-07,Solicitation debrief,3
1604,191,11,Site Visit,2022-05-30,Visited endowed professorship,3
1605,191,12,Site Visit,2022-05-26,Lab walkthrough with faculty,3
1606,192,1,Email,2025-12-13,Annual fund solicitation,3
1607,192,2,Email,2025-10-20,Sent impact report,3
1608,192,3,Phone Call,2025-10-11,Call re: event invitation,3
1609,192,4,Phone Call,2025-04-18,Called to share impact story,3
1610,192,5,Meeting,2024-11-15,Lunch at faculty club,3
1611,192,6,Phone Call,2024-04-21,Brief check-in,3
1612,192,7,Meeting,2024-01-04,Discovery meeting,3
1613,192,8,Phone Call,2022-10-05,Called to share impact story,3
1614,193,1,Email,2026-03-16,Event invitation,3
1615,193,2,Event Attendance,2025-01-14,Attended gala,3
1616,193,3,Event Attendance,2022-10-22,Athletic event in donor suite,3
1617,194,1,Email,2026-02-12,Sent impact report,3
1618,194,2,Email,2025-11-12,Proposal follow-up email,3
1619,194,3,Site Visit,2024-08-15,Athletic facility tour,3
1620,195,1,Phone Call,2024-08-15,Solicitation follow-up,3
1621,195,2,Email,2024-05-23,Updated on campaign progress,3
1622,195,3,Portfolio Review,2024-03-12,Discussed ask timing with director,3
1623,196,1,Event Attendance,2026-04-03,Attended gala,3
1624,196,2,Email,2025-07-18,Holiday greeting,3
1625,196,3,Phone Call,2024-03-30,Touched base on family news,3
1626,196,4,Meeting,2023-09-18,Campus visit scheduled,3
1627,196,5,Meeting,2023-07-28,Year-end thank-you lunch,3
1628,196,6,Phone Call,2023-02-04,Left voicemail,3
1629,197,1,Site Visit,2026-03-01,Lab walkthrough with faculty,3
1630,197,2,Phone Call,2025-08-26,Brief check-in,3
1631,197,3,Event Attendance,2025-08-06,Homecoming reception,3
1632,197,4,Phone Call,2025-06-26,Brief check-in,3
1633,197,5,Portfolio Review,2024-10-03,Pre-ask strategy session,3
1634,197,6,Meeting,2024-06-26,Coffee meeting downtown,3
1635,197,7,Phone Call,2024-06-21,Call re: event invitation,3
1636,197,8,Event Attendance,2024-05-14,Homecoming reception,3
1637,197,9,Site Visit,2023-12-21,Toured new building,3
1638,197,10,Site Visit,2023-11-17,Met scholarship recipient,3
1639,197,11,Phone Call,2023-07-29,Call re: event invitation,3
1640,197,12,Phone Call,2023-06-29,Solicitation follow-up,3
1641,197,13,Email,2023-06-15,Annual fund solicitation,3
1642,197,14,Email,2022-12-22,Sent thank-you note,3
1643,197,15,Meeting,2022-11-22,Lunch at faculty club,3
1644,197,16,Phone Call,2022-09-25,Touched base on family news,3
1645,197,17,Email,2022-09-20,Forwarded dean's letter,3
1646,197,18,Email,2022-07-26,Forwarded dean's letter,3
1647,197,19,Portfolio Review,2022-07-23,Internal portfolio review,3
1648,197,20,Meeting,2022-05-23,Met spouse for first time,3
1649,198,1,Event Attendance,2026-03-01,Advisory board meeting,3
1650,198,2,Email,2025-08-30,Event invitation,3
1651,198,3,Portfolio Review,2024-10-11,Pre-ask strategy session,3
1652,198,4,Event Attendance,2024-05-07,Athletic event in donor suite,3
1653,198,5,Email,2024-04-30,Sent impact report,3
1654,198,6,Event Attendance,2024-02-20,Attended gala,3
1655,198,7,Portfolio Review,2024-02-04,Strategy call with leadership,3
1656,198,8,Phone Call,2023-12-01,Called to share impact story,3
1657,198,9,Meeting,2022-11-29,Office visit,3
1658,198,10,Meeting,2022-07-28,Discovery meeting,3
1659,199,1,Site Visit,2025-12-23,Visited endowed professorship,3
1660,199,2,Site Visit,2025-07-01,Arts center opening,3
1661,199,3,Meeting,2025-02-19,Stewardship dinner,3
1662,199,4,Site Visit,2024-02-24,Campus tour with family,3
1663,199,5,Portfolio Review,2023-03-11,Discussed ask timing with director,3
1664,200,1,Site Visit,2025-11-27,Lab walkthrough with faculty,3
1665,200,2,Site Visit,2025-10-12,Met scholarship recipient,3
1666,200,3,Meeting,2025-10-10,Stewardship dinner,3
1667,200,4,Email,2025-05-17,Annual fund solicitation,3
1668,200,5,Site Visit,2024-02-29,Lab walkthrough with faculty,3
1669,201,1,Site Visit,2026-03-18,Lab walkthrough with faculty,3
1670,201,2,Meeting,2026-03-04,Met at alumni event,3
1671,201,3,Meeting,2026-01-14,Campus visit scheduled,3
1672,201,4,Site Visit,2025-09-29,Met scholarship recipient,3
1673,201,5,Email,2025-07-27,Holiday greeting,3
1674,201,6,Meeting,2025-07-07,Office visit,3
1675,201,7,Meeting,2025-03-10,Discovery meeting,3
1676,201,8,Site Visit,2024-10-28,Toured new building,3
1677,201,9,Email,2024-08-04,Forwarded dean's letter,3
1678,201,10,Site Visit,2024-05-11,Athletic facility tour,3
1679,201,11,Phone Call,2024-04-03,Call re: event invitation,3
1680,201,12,Phone Call,2023-12-23,Check-in call,3
1681,201,13,Meeting,2023-11-03,Discussed naming opportunity,3
1682,201,14,Email,2023-10-02,Proposal follow-up email,3
1683,201,15,Phone Call,2023-09-19,Left voicemail,3
1684,201,16,Email,2023-05-01,Updated on campaign progress,3
1685,201,17,Site Visit,2023-03-15,Campus tour with family,3
1686,201,18,Event Attendance,2023-01-06,President's dinner,3
1687,201,19,Portfolio Review,2022-10-18,Pre-ask strategy session,3
1688,202,1,Event Attendance,2026-05-01,President's dinner,3
1689,202,2,Email,2025-12-13,Sent thank-you note,3
1690,202,3,Meeting,2025-04-10,Office visit,3
1691,202,4,Site Visit,2024-03-16,Lab walkthrough with faculty,3
1692,202,5,Site Visit,2023-03-30,Visited endowed professorship,3
1693,202,6,Email,2023-03-10,Event invitation,3
1694,202,7,Portfolio Review,2023-02-22,Pre-ask strategy session,3
1695,202,8,Email,2023-01-15,Sent birthday greeting,3
1696,202,9,Portfolio Review,2022-08-23,Debrief after proposal conversation,3
1697,202,10,Site Visit,2022-07-02,Visited endowed professorship,3
1698,203,1,Portfolio Review,2026-03-08,Internal portfolio review,3
1699,203,2,Site Visit,2025-11-03,Arts center opening,3
1700,203,3,Event Attendance,2025-02-28,President's dinner,3
1701,203,4,Event Attendance,2023-11-13,Commencement ceremony,3
1702,203,5,Phone Call,2023-02-22,Introduced new initiative,3
1703,203,6,Phone Call,2022-10-30,Left voicemail,3
1704,203,7,Portfolio Review,2022-10-21,Discussed ask timing with director,3
1705,204,1,Meeting,2024-05-06,Discovery meeting,3
1706,204,2,Email,2024-04-23,Sent birthday greeting,3
1707,205,1,Phone Call,2025-10-01,Called to share impact story,3
1708,205,2,Site Visit,2025-09-08,Campus tour with family,3
1709,205,3,Email,2025-05-26,Updated on campaign progress,3
1710,205,4,Portfolio Review,2025-05-24,Reviewed prospect strategy with team,3
1711,205,5,Portfolio Review,2024-07-03,Discussed ask timing with director,3
1712,205,6,Meeting,2024-05-31,Lunch at faculty club,3
1713,205,7,Meeting,2024-05-30,Lunch at faculty club,3
1714,205,8,Portfolio Review,2024-04-17,Debrief after proposal conversation,3
1715,205,9,Event Attendance,2024-02-01,Commencement ceremony,3
1716,205,10,Meeting,2024-01-25,Initial in-person meeting,3
1717,205,11,Portfolio Review,2023-12-31,Strategy call with leadership,3
1718,205,12,Event Attendance,2023-12-26,Campaign kickoff event,3
1719,205,13,Meeting,2023-10-31,Campus visit scheduled,3
1720,205,14,Site Visit,2023-10-25,Athletic facility tour,3
1721,205,15,Event Attendance,2023-08-03,Attended gala,3
1722,205,16,Portfolio Review,2023-06-15,Reviewed prospect strategy with team,3
1723,205,17,Site Visit,2023-05-07,Lab walkthrough with faculty,3
1724,205,18,Phone Call,2023-04-15,Touched base on family news,3
1725,205,19,Event Attendance,2023-01-19,Commencement ceremony,3
1726,205,20,Meeting,2022-10-01,Met at alumni event,3
1727,205,21,Site Visit,2022-06-19,Toured new building,3
1728,206,1,Email,2026-05-06,Proposal follow-up email,3
1729,206,2,Email,2025-02-17,Updated on campaign progress,3
1730,206,3,Portfolio Review,2024-10-18,Internal portfolio review,3
1731,206,4,Meeting,2024-04-14,Discussed naming opportunity,3
1732,206,5,Meeting,2024-03-02,Coffee meeting downtown,3
1733,206,6,Meeting,2024-01-27,Office visit,3
1734,206,7,Email,2023-10-14,Sent birthday greeting,3
1735,206,8,Portfolio Review,2023-07-17,Discussed ask timing with director,3
1736,206,9,Email,2022-10-09,Sent thank-you note,3
1737,206,10,Phone Call,2022-06-10,Brief check-in,3
1738,207,1,Site Visit,2025-01-11,Lab walkthrough with faculty,3
1739,207,2,Event Attendance,2023-04-09,Commencement ceremony,3
1740,208,1,Portfolio Review,2026-02-05,Reviewed prospect strategy with team,3
1741,208,2,Event Attendance,2025-10-30,President's dinner,3
1742,208,3,Email,2025-09-21,Shared news article of interest,3
1743,208,4,Meeting,2025-09-05,Lunch at faculty club,3
1744,208,5,Meeting,2025-08-31,Discussed naming opportunity,3
1745,208,6,Meeting,2025-07-01,Campus visit scheduled,3
1746,208,7,Event Attendance,2025-05-31,President's dinner,3
1747,208,8,Meeting,2025-02-02,Met spouse for first time,3
1748,208,9,Portfolio Review,2024-08-08,Discussed ask timing with director,3
1749,208,10,Meeting,2024-03-13,Met spouse for first time,3
1750,208,11,Site Visit,2024-03-10,Toured new building,3
1751,208,12,Portfolio Review,2024-02-16,Solicitation debrief,3
1752,208,13,Phone Call,2023-12-25,Touched base on family news,3
1753,208,14,Portfolio Review,2023-12-08,Solicitation debrief,3
1754,208,15,Email,2023-07-24,Holiday greeting,3
1755,208,16,Phone Call,2023-06-27,Left voicemail,3
1756,208,17,Email,2023-02-25,Shared news article of interest,3
1757,208,18,Event Attendance,2023-02-23,Alumni leadership weekend,3
1758,208,19,Portfolio Review,2022-11-05,Strategy call with leadership,3
1759,208,20,Site Visit,2022-10-26,Visited endowed professorship,3
1760,208,21,Email,2022-05-28,Sent impact report,3
1761,209,1,Phone Call,2026-04-04,Call re: event invitation,3
1762,209,2,Email,2025-12-03,Holiday greeting,3
1763,209,3,Meeting,2025-10-22,Lunch at faculty club,3
1764,209,4,Site Visit,2025-10-14,Visited endowed professorship,3
1765,209,5,Email,2025-10-06,Shared news article of interest,3
1766,209,6,Site Visit,2025-09-12,Toured new building,3
1767,209,7,Site Visit,2025-07-31,Visited endowed professorship,3
1768,209,8,Meeting,2023-10-24,Discussed naming opportunity,3
1769,209,9,Meeting,2023-02-20,Initial in-person meeting,3
1770,209,10,Portfolio Review,2023-01-17,Debrief after proposal conversation,3
1771,209,11,Phone Call,2022-11-14,Confirmed meeting time,3
1772,209,12,Site Visit,2022-10-22,Met scholarship recipient,3
1773,210,1,Portfolio Review,2026-05-01,Discussed ask timing with director,3
1774,210,2,Portfolio Review,2025-06-26,Discussed ask timing with director,3
1775,210,3,Meeting,2025-05-21,Lunch at faculty club,3
1776,210,4,Email,2025-05-18,Sent thank-you note,3
1777,210,5,Site Visit,2024-09-17,Athletic facility tour,3
1778,211,1,Phone Call,2026-05-11,Check-in call,3
1779,211,2,Email,2026-04-04,Holiday greeting,3
1780,211,3,Phone Call,2026-03-22,Solicitation follow-up,3
1781,211,4,Portfolio Review,2025-09-28,Solicitation debrief,3
1782,211,5,Phone Call,2025-09-14,Call re: event invitation,3
1783,211,6,Email,2025-07-13,Forwarded dean's letter,3
1784,211,7,Phone Call,2025-07-01,Solicitation follow-up,3
1785,211,8,Email,2025-04-22,Sent birthday greeting,3
1786,211,9,Portfolio Review,2025-03-05,Reviewed prospect strategy with team,3
1787,211,10,Site Visit,2024-12-16,Arts center opening,3
1788,211,11,Site Visit,2024-05-04,Campus tour with family,3
1789,211,12,Event Attendance,2023-07-08,Commencement ceremony,3
1790,211,13,Phone Call,2023-06-26,Call re: event invitation,3
1791,211,14,Phone Call,2023-06-18,Left voicemail,3
1792,211,15,Portfolio Review,2023-05-20,Strategy call with leadership,3
1793,211,16,Portfolio Review,2023-04-28,Reviewed prospect strategy with team,3
1794,211,17,Site Visit,2022-12-27,Toured new building,3
1795,212,1,Site Visit,2025-06-16,Campus tour with family,3
1796,212,2,Site Visit,2025-03-26,Athletic facility tour,3
1797,212,3,Portfolio Review,2024-08-21,Reviewed prospect strategy with team,3
1798,212,4,Email,2023-08-26,Annual fund solicitation,3
1799,212,5,Meeting,2023-02-03,Met spouse for first time,3
1800,213,1,Email,2026-03-13,Annual fund solicitation,3
1801,213,2,Site Visit,2026-01-10,Met scholarship recipient,3
1802,213,3,Event Attendance,2025-06-13,Campaign kickoff event,3
1803,213,4,Email,2025-04-07,Updated on campaign progress,3
1804,213,5,Meeting,2024-05-29,Lunch at faculty club,3
1805,213,6,Phone Call,2024-04-16,Introduced new initiative,3
1806,213,7,Site Visit,2023-12-24,Visited endowed professorship,3
1807,213,8,Phone Call,2023-11-13,Introduced new initiative,3
1808,213,9,Phone Call,2023-07-09,Solicitation follow-up,3
1809,213,10,Phone Call,2023-03-17,Introduced new initiative,3
1810,213,11,Email,2022-11-03,Holiday greeting,3
1811,214,1,Phone Call,2026-05-02,Called to share impact story,3
1812,214,2,Meeting,2026-04-29,Discussed naming opportunity,3
1813,214,3,Email,2025-09-13,Annual fund solicitation,3
1814,214,4,Phone Call,2025-03-10,Called to share impact story,3
1815,214,5,Phone Call,2024-08-07,Solicitation follow-up,3
1816,214,6,Event Attendance,2024-08-01,Regional club event,3
1817,214,7,Portfolio Review,2024-07-17,Discussed ask timing with director,3
1818,214,8,Portfolio Review,2023-10-11,Debrief after proposal conversation,3
1819,214,9,Event Attendance,2023-03-16,Commencement ceremony,3
1820,214,10,Portfolio Review,2022-07-12,Strategy call with leadership,3
1821,215,1,Phone Call,2024-08-09,Left voicemail,3
1822,215,2,Meeting,2024-08-04,Initial in-person meeting,3
1823,216,1,Site Visit,2026-02-15,Lab walkthrough with faculty,3
1824,216,2,Event Attendance,2025-09-19,Attended gala,3
1825,216,3,Email,2025-09-09,Sent impact report,3
1826,216,4,Portfolio Review,2025-06-05,Strategy call with leadership,3
1827,216,5,Event Attendance,2024-11-05,Attended gala,3
1828,216,6,Site Visit,2024-07-21,Met scholarship recipient,3
1829,216,7,Phone Call,2024-01-10,Confirmed meeting time,3
1830,216,8,Meeting,2023-11-06,Follow-up meeting re: proposal,3
1831,216,9,Event Attendance,2023-01-27,Attended gala,3
1832,216,10,Email,2023-01-06,Sent impact report,3
1833,217,1,Site Visit,2025-11-08,Arts center opening,3
1834,217,2,Email,2023-10-02,Proposal follow-up email,3
1835,218,1,Email,2025-12-09,Forwarded dean's letter,3
1836,218,2,Event Attendance,2024-06-12,Attended gala,3
1837,218,3,Site Visit,2024-02-22,Met scholarship recipient,3
1838,218,4,Portfolio Review,2023-04-08,Pre-ask strategy session,3
1839,219,1,Meeting,2025-10-23,Met at alumni event,3
1840,219,2,Meeting,2025-09-15,Coffee meeting downtown,3
1841,219,3,Phone Call,2024-04-16,Solicitation follow-up,3
1842,219,4,Email,2022-12-03,Updated on campaign progress,3
1843,219,5,Phone Call,2022-10-17,Discussed pledge payment,3
1844,220,1,Event Attendance,2025-04-25,Attended gala,3
1845,220,2,Portfolio Review,2024-04-26,Strategy call with leadership,3
1846,221,1,Meeting,2024-12-06,Lunch at faculty club,3
1847,222,1,Event Attendance,2025-12-19,Commencement ceremony,3
1848,222,2,Email,2024-11-27,Holiday greeting,3
1849,222,3,Phone Call,2024-09-05,Brief check-in,3
1850,222,4,Site Visit,2024-07-16,Toured new building,3
1851,222,5,Phone Call,2022-07-13,Introduced new initiative,3
1852,223,1,Meeting,2024-01-26,Follow-up meeting re: proposal,3
1853,223,2,Event Attendance,2023-11-18,Alumni leadership weekend,3
1854,223,3,Event Attendance,2023-02-10,Athletic event in donor suite,3
1855,223,4,Portfolio Review,2022-10-25,Pre-ask strategy session,3
1856,223,5,Email,2022-08-22,Sent thank-you note,3
1857,224,1,Portfolio Review,2026-04-25,Internal portfolio review,3
1858,224,2,Site Visit,2026-01-18,Visited endowed professorship,3
1859,224,3,Site Visit,2025-12-19,Lab walkthrough with faculty,3
1860,224,4,Site Visit,2025-12-13,Toured new building,3
1861,224,5,Email,2025-12-03,Shared news article of interest,3
1862,224,6,Event Attendance,2025-11-14,Campaign kickoff event,3
1863,224,7,Event Attendance,2025-03-26,Advisory board meeting,3
1864,224,8,Email,2025-03-12,Forwarded dean's letter,3
1865,224,9,Portfolio Review,2025-02-13,Internal portfolio review,3
1866,224,10,Event Attendance,2025-01-10,Homecoming reception,3
1867,224,11,Phone Call,2024-11-27,Left voicemail,3
1868,224,12,Email,2024-09-22,Updated on campaign progress,3
1869,224,13,Site Visit,2024-05-29,Visited endowed professorship,3
1870,224,14,Event Attendance,2023-09-06,Campaign kickoff event,3
1871,224,15,Phone Call,2023-08-13,Confirmed meeting time,3
1872,224,16,Phone Call,2023-04-04,Solicitation follow-up,3
1873,224,17,Email,2022-10-04,Updated on campaign progress,3
1874,224,18,Phone Call,2022-09-09,Call re: event invitation,3
1875,224,19,Event Attendance,2022-06-28,Homecoming reception,3
1876,224,20,Phone Call,2022-05-26,Touched base on family news,3
1877,225,1,Meeting,2026-04-18,Initial in-person meeting,3
1878,225,2,Portfolio Review,2025-10-08,Discussed ask timing with director,3
1879,225,3,Site Visit,2025-05-03,Met scholarship recipient,3
1880,225,4,Email,2025-01-14,Event invitation,3
1881,225,5,Event Attendance,2024-11-21,Homecoming reception,3
1882,225,6,Email,2023-10-21,Updated on campaign progress,3
1883,226,1,Meeting,2025-07-17,Initial in-person meeting,3
1884,226,2,Email,2024-07-07,Sent thank-you note,3
1885,226,3,Meeting,2024-02-29,Coffee meeting downtown,3
1886,226,4,Portfolio Review,2023-12-21,Pre-ask strategy session,3
1887,226,5,Portfolio Review,2023-07-28,Pre-ask strategy session,3
1888,226,6,Phone Call,2023-07-16,Call re: event invitation,3
1889,227,1,Site Visit,2025-05-25,Toured new building,3
1890,227,2,Portfolio Review,2024-11-02,Debrief after proposal conversation,3
1891,227,3,Portfolio Review,2024-02-17,Internal portfolio review,3
1892,227,4,Meeting,2023-08-15,Met at alumni event,3
1893,227,5,Meeting,2023-06-24,Coffee meeting downtown,3
1894,227,6,Meeting,2023-06-02,Met spouse for first time,3
1895,227,7,Email,2023-01-21,Shared news article of interest,3
1896,227,8,Meeting,2022-12-24,Follow-up meeting re: proposal,3
1897,228,1,Site Visit,2025-02-12,Toured new building,3
1898,228,2,Phone Call,2024-11-03,Call re: event invitation,3
1899,228,3,Site Visit,2024-03-10,Lab walkthrough with faculty,3
1900,228,4,Phone Call,2024-02-13,Left voicemail,3
1901,228,5,Email,2022-11-28,Proposal follow-up email,3
1902,228,6,Portfolio Review,2022-06-19,Discussed ask timing with director,3
1903,229,1,Phone Call,2026-05-15,Discussed pledge payment,3
1904,229,2,Email,2025-11-09,Event invitation,3
1905,229,3,Phone Call,2025-05-07,Discussed pledge payment,3
1906,229,4,Email,2024-09-03,Forwarded dean's letter,3
1907,229,5,Phone Call,2023-09-18,Check-in call,3
1908,229,6,Portfolio Review,2023-07-26,Pre-ask strategy session,3
1909,229,7,Site Visit,2022-11-24,Met scholarship recipient,3
1910,229,8,Meeting,2022-07-13,Office visit,3
1911,229,9,Email,2022-06-17,Event invitation,3
1912,230,1,Site Visit,2026-05-19,Visited endowed professorship,3
1913,230,2,Phone Call,2026-05-02,Touched base on family news,3
1914,230,3,Meeting,2024-05-30,Coffee meeting downtown,3
1915,230,4,Meeting,2023-09-24,Met spouse for first time,3
1916,230,5,Portfolio Review,2023-02-12,Reviewed prospect strategy with team,3
1917,230,6,Phone Call,2023-01-21,Called to share impact story,3
1918,230,7,Event Attendance,2022-07-30,President's dinner,3
1919,231,1,Portfolio Review,2025-11-10,Reviewed prospect strategy with team,3
1920,231,2,Site Visit,2025-10-29,Campus tour with family,3
1921,231,3,Portfolio Review,2024-09-05,Reviewed prospect strategy with team,3
1922,232,1,Email,2026-04-24,Sent birthday greeting,3
1923,232,2,Portfolio Review,2025-10-03,Solicitation debrief,3
1924,232,3,Meeting,2024-12-18,Office visit,3
1925,232,4,Site Visit,2024-12-10,Visited endowed professorship,3
1926,232,5,Phone Call,2024-09-12,Discussed pledge payment,3
1927,232,6,Email,2024-07-07,Forwarded dean's letter,3
1928,232,7,Meeting,2024-05-29,Met at alumni event,3
1929,232,8,Event Attendance,2024-05-05,Commencement ceremony,3
1930,232,9,Email,2023-10-25,Shared news article of interest,3
1931,232,10,Portfolio Review,2023-09-03,Debrief after proposal conversation,3
1932,232,11,Phone Call,2023-08-29,Confirmed meeting time,3
1933,232,12,Portfolio Review,2023-06-26,Debrief after proposal conversation,3
1934,232,13,Email,2023-01-17,Sent birthday greeting,3
1935,232,14,Site Visit,2022-09-01,Athletic facility tour,3
1936,232,15,Phone Call,2022-08-31,Call re: event invitation,3
1937,232,16,Portfolio Review,2022-05-28,Reviewed prospect strategy with team,3
1938,233,1,Portfolio Review,2026-05-04,Internal portfolio review,3
1939,233,2,Site Visit,2026-02-26,Arts center opening,3
1940,233,3,Phone Call,2025-10-08,Called to share impact story,3
1941,233,4,Email,2025-09-12,Annual fund solicitation,3
1942,233,5,Event Attendance,2025-04-26,President's dinner,3
1943,233,6,Email,2024-11-02,Forwarded dean's letter,3
1944,233,7,Email,2024-10-08,Event invitation,3
1945,233,8,Email,2024-08-26,Sent impact report,3
1946,233,9,Site Visit,2024-07-12,Toured new building,3
1947,233,10,Phone Call,2024-06-17,Call re: event invitation,3
1948,233,11,Event Attendance,2024-06-10,Homecoming reception,3
1949,233,12,Meeting,2024-03-12,Initial in-person meeting,3
1950,233,13,Email,2024-01-18,Sent impact report,3
1951,233,14,Site Visit,2023-12-16,Met scholarship recipient,3
1952,233,15,Portfolio Review,2023-11-02,Strategy call with leadership,3
1953,233,16,Meeting,2023-08-04,Coffee meeting downtown,3
1954,233,17,Email,2023-06-21,Holiday greeting,3
1955,233,18,Email,2023-03-18,Proposal follow-up email,3
1956,233,19,Event Attendance,2023-02-20,Campaign kickoff event,3
1957,233,20,Phone Call,2023-01-31,Solicitation follow-up,3
1958,233,21,Portfolio Review,2022-12-14,Reviewed prospect strategy with team,3
1959,233,22,Phone Call,2022-06-14,Left voicemail,3
1960,234,1,Site Visit,2026-03-17,Campus tour with family,3
1961,234,2,Meeting,2025-12-07,Discovery meeting,3
1962,234,3,Email,2025-02-27,Annual fund solicitation,3
1963,234,4,Email,2024-12-28,Holiday greeting,3
1964,234,5,Event Attendance,2024-10-03,Commencement ceremony,3
1965,234,6,Portfolio Review,2024-05-25,Reviewed prospect strategy with team,3
1966,234,7,Event Attendance,2024-03-21,President's dinner,3
1967,234,8,Portfolio Review,2023-09-25,Strategy call with leadership,3
1968,234,9,Phone Call,2023-02-08,Call re: event invitation,3
1969,234,10,Phone Call,2022-10-25,Confirmed meeting time,3
1970,234,11,Event Attendance,2022-08-01,Alumni leadership weekend,3
1971,235,1,Event Attendance,2025-11-27,Athletic event in donor suite,3
1972,235,2,Event Attendance,2024-09-20,President's dinner,3
1973,235,3,Site Visit,2024-09-04,Visited endowed professorship,3
1974,236,1,Email,2025-11-06,Sent birthday greeting,3
1975,236,2,Portfolio Review,2025-08-11,Solicitation debrief,3
1976,236,3,Email,2023-11-28,Forwarded dean's letter,3
1977,236,4,Email,2023-06-08,Updated on campaign progress,3
1978,236,5,Site Visit,2022-06-30,Campus tour with family,3
1979,237,1,Meeting,2026-03-28,Office visit,3
1980,237,2,Event Attendance,2026-03-26,Regional club event,3
1981,237,3,Phone Call,2024-01-10,Brief check-in,3
1982,237,4,Event Attendance,2023-10-20,Advisory board meeting,3
1983,237,5,Phone Call,2023-04-03,Brief check-in,3
1984,238,1,Site Visit,2026-02-01,Lab walkthrough with faculty,3
1985,238,2,Site Visit,2024-09-28,Arts center opening,3
1986,238,3,Meeting,2023-03-20,Initial in-person meeting,3
1987,239,1,Meeting,2026-01-30,Discovery meeting,3
1988,239,2,Portfolio Review,2025-11-29,Debrief after proposal conversation,3
1989,239,3,Email,2023-10-22,Annual fund solicitation,3
1990,240,1,Event Attendance,2024-10-03,Athletic event in donor suite,3
1991,241,1,Event Attendance,2026-02-02,Athletic event in donor suite,3
1992,241,2,Phone Call,2026-01-17,Left voicemail,3
1993,241,3,Portfolio Review,2025-09-15,Solicitation debrief,3
1994,241,4,Phone Call,2025-07-30,Call re: event invitation,3
1995,241,5,Portfolio Review,2025-03-28,Reviewed prospect strategy with team,3
1996,241,6,Portfolio Review,2023-07-10,Debrief after proposal conversation,3
1997,241,7,Site Visit,2023-06-29,Athletic facility tour,3
1998,241,8,Portfolio Review,2023-02-09,Internal portfolio review,3
1999,241,9,Meeting,2022-08-09,Lunch at faculty club,3
2000,241,10,Meeting,2022-06-15,Office visit,3
2001,242,1,Site Visit,2025-11-04,Toured new building,3
2002,242,2,Event Attendance,2025-10-21,Athletic event in donor suite,3
2003,242,3,Site Visit,2025-09-16,Toured new building,3
2004,242,4,Meeting,2025-03-29,Discovery meeting,3
2005,242,5,Site Visit,2024-12-31,Campus tour with family,3
2006,242,6,Phone Call,2023-06-22,Left voicemail,3
2007,243,1,Portfolio Review,2026-04-07,Solicitation debrief,3
2008,243,2,Phone Call,2025-09-11,Discussed pledge payment,3
2009,243,3,Event Attendance,2025-08-04,Campaign kickoff event,3
2010,243,4,Phone Call,2025-07-26,Touched base on family news,3
2011,243,5,Site Visit,2025-05-08,Met scholarship recipient,3
2012,243,6,Email,2024-12-04,Event invitation,3
2013,243,7,Event Attendance,2023-12-18,Athletic event in donor suite,3
2014,243,8,Email,2023-12-04,Proposal follow-up email,3
2015,243,9,Site Visit,2022-12-14,Campus tour with family,3
2016,243,10,Portfolio Review,2022-12-05,Strategy call with leadership,3
2017,243,11,Meeting,2022-10-27,Initial in-person meeting,3
2018,243,12,Site Visit,2022-09-12,Visited endowed professorship,3
2019,243,13,Site Visit,2022-07-26,Lab walkthrough with faculty,3
2020,244,1,Meeting,2025-09-17,Met spouse for first time,3
2021,244,2,Email,2024-10-18,Sent impact report,3
2022,244,3,Portfolio Review,2024-03-15,Solicitation debrief,3
2023,244,4,Portfolio Review,2023-10-28,Discussed ask timing with director,3
2024,244,5,Site Visit,2023-03-23,Toured new building,3
2025,245,1,Meeting,2025-08-09,Office visit,3
2026,245,2,Email,2024-10-31,Sent birthday greeting,3
2027,245,3,Event Attendance,2023-10-26,Alumni leadership weekend,3
2028,245,4,Email,2023-10-06,Sent birthday greeting,3
2029,246,1,Email,2026-01-13,Proposal follow-up email,3
2030,246,2,Site Visit,2025-08-08,Toured new building,3
2031,246,3,Portfolio Review,2025-07-15,Pre-ask strategy session,3
2032,246,4,Site Visit,2025-05-29,Campus tour with family,3
2033,246,5,Event Attendance,2024-06-26,President's dinner,3
2034,246,6,Event Attendance,2024-05-31,Campaign kickoff event,3
2035,246,7,Portfolio Review,2023-10-23,Discussed ask timing with director,3
2036,246,8,Email,2023-07-06,Holiday greeting,3
2037,246,9,Portfolio Review,2023-03-25,Reviewed prospect strategy with team,3
2038,246,10,Event Attendance,2022-09-16,Advisory board meeting,3
2039,246,11,Event Attendance,2022-09-16,Commencement ceremony,3
2040,247,1,Site Visit,2026-03-22,Met scholarship recipient,3
2041,247,2,Phone Call,2026-02-18,Left voicemail,3
2042,247,3,Meeting,2025-11-05,Office visit,3
2043,247,4,Portfolio Review,2025-10-16,Pre-ask strategy session,3
2044,247,5,Site Visit,2025-06-30,Toured new building,3
2045,247,6,Meeting,2025-02-01,Met spouse for first time,3
2046,247,7,Email,2023-08-03,Event invitation,3
2047,247,8,Meeting,2022-08-28,Year-end thank-you lunch,3
2048,247,9,Meeting,2022-07-30,Initial in-person meeting,3
2049,248,1,Portfolio Review,2026-03-22,Discussed ask timing with director,3
2050,248,2,Event Attendance,2025-10-13,Alumni leadership weekend,3
2051,248,3,Phone Call,2025-08-22,Call re: event invitation,3
2052,248,4,Site Visit,2025-05-30,Campus tour with family,3
2053,248,5,Portfolio Review,2024-08-02,Reviewed prospect strategy with team,3
2054,248,6,Phone Call,2024-04-08,Left voicemail,3
2055,248,7,Portfolio Review,2023-11-13,Internal portfolio review,3
2056,248,8,Site Visit,2022-12-26,Visited endowed professorship,3
2057,248,9,Event Attendance,2022-11-06,Alumni leadership weekend,3
2058,248,10,Meeting,2022-06-21,Met spouse for first time,3
2059,249,1,Site Visit,2026-05-11,Athletic facility tour,3
2060,249,2,Event Attendance,2026-03-14,Homecoming reception,3
2061,249,3,Email,2025-11-05,Holiday greeting,3
2062,249,4,Portfolio Review,2025-08-07,Solicitation debrief,3
2063,249,5,Portfolio Review,2025-03-31,Solicitation debrief,3
2064,249,6,Event Attendance,2024-05-15,Athletic event in donor suite,3
2065,249,7,Phone Call,2022-11-10,Left voicemail,3
2066,249,8,Event Attendance,2022-08-21,Athletic event in donor suite,3
2067,250,1,Phone Call,2026-01-04,Called to share impact story,3
2068,250,2,Email,2025-12-27,Event invitation,3
2069,250,3,Meeting,2025-12-12,Initial in-person meeting,3
2070,250,4,Phone Call,2025-08-12,Check-in call,3
2071,250,5,Event Attendance,2024-05-30,Campaign kickoff event,3
2072,250,6,Email,2024-05-21,Sent impact report,3
2073,250,7,Phone Call,2024-04-11,Call re: event invitation,3
2074,250,8,Email,2023-12-28,Updated on campaign progress,3
2075,250,9,Portfolio Review,2023-12-05,Reviewed prospect strategy with team,3
2076,250,10,Meeting,2023-04-03,Office visit,3
2077,250,11,Email,2023-03-13,Event invitation,3
2078,250,12,Event Attendance,2022-12-02,Alumni leadership weekend,3
2079,250,13,Event Attendance,2022-11-18,Campaign kickoff event,3
2080,251,1,Portfolio Review,2026-01-25,Debrief after proposal conversation,3
2081,251,2,Meeting,2025-10-06,Stewardship dinner,3
2082,251,3,Site Visit,2024-11-29,Met scholarship recipient,3
2083,251,4,Phone Call,2024-02-24,Introduced new initiative,3
2084,251,5,Meeting,2023-09-30,Office visit,3
2085,251,6,Phone Call,2023-04-29,Called to share impact story,3
2086,251,7,Portfolio Review,2023-02-13,Reviewed prospect strategy with team,3
2087,251,8,Portfolio Review,2022-12-02,Debrief after proposal conversation,3
2088,251,9,Phone Call,2022-06-23,Touched base on family news,3
2089,252,1,Event Attendance,2023-03-24,Attended gala,3
2090,253,1,Meeting,2025-12-28,Follow-up meeting re: proposal,3
2091,253,2,Site Visit,2024-01-20,Lab walkthrough with faculty,3
2092,253,3,Email,2023-01-12,Sent impact report,3
2093,253,4,Meeting,2022-12-14,Coffee meeting downtown,3
2094,254,1,Event Attendance,2026-04-08,Commencement ceremony,3
2095,254,2,Portfolio Review,2026-03-29,Solicitation debrief,3
2096,254,3,Portfolio Review,2026-01-28,Debrief after proposal conversation,3
2097,254,4,Event Attendance,2025-04-15,Athletic event in donor suite,3
2098,254,5,Meeting,2025-02-14,Discussed naming opportunity,3
2099,254,6,Site Visit,2025-02-09,Arts center opening,3
2100,254,7,Phone Call,2024-09-07,Confirmed meeting time,3
2101,254,8,Portfolio Review,2024-06-03,Pre-ask strategy session,3
2102,254,9,Event Attendance,2023-12-20,President's dinner,3
2103,254,10,Meeting,2023-09-16,Initial in-person meeting,3
2104,254,11,Meeting,2023-07-17,Met spouse for first time,3
2105,254,12,Email,2022-09-28,Sent thank-you note,3
2106,255,1,Event Attendance,2026-01-23,Attended gala,3
2107,255,2,Phone Call,2025-11-14,Confirmed meeting time,3
2108,255,3,Portfolio Review,2025-01-31,Strategy call with leadership,3
2109,255,4,Event Attendance,2025-01-19,Attended gala,3
2110,255,5,Meeting,2024-06-18,Year-end thank-you lunch,3
2111,255,6,Phone Call,2023-12-09,Check-in call,3
2112,256,1,Phone Call,2026-01-25,Touched base on family news,4
2113,257,1,Email,2026-02-21,Holiday greeting,4
2114,257,2,Event Attendance,2025-01-06,Commencement ceremony,4
2115,257,3,Site Visit,2024-10-20,Arts center opening,4
2116,257,4,Meeting,2024-08-16,Campus visit scheduled,4
2117,257,5,Meeting,2024-06-04,Lunch at faculty club,4
2118,257,6,Email,2023-01-04,Sent birthday greeting,4
2119,257,7,Phone Call,2022-09-18,Touched base on family news,4
2120,258,1,Event Attendance,2025-02-24,Regional club event,4
2121,258,2,Portfolio Review,2024-09-09,Internal portfolio review,4
2122,258,3,Event Attendance,2024-04-30,Regional club event,4
2123,258,4,Email,2023-11-25,Sent birthday greeting,4
2124,259,1,Site Visit,2026-01-31,Met scholarship recipient,4
2125,259,2,Meeting,2025-10-20,Met at alumni event,4
2126,259,3,Phone Call,2024-06-11,Called to share impact story,4
2127,259,4,Phone Call,2024-01-31,Call re: event invitation,4
2128,259,5,Portfolio Review,2022-11-25,Discussed ask timing with director,4
2129,259,6,Phone Call,2022-06-07,Solicitation follow-up,4
2130,260,1,Portfolio Review,2026-03-09,Pre-ask strategy session,4
2131,260,2,Portfolio Review,2025-08-04,Strategy call with leadership,4
2132,260,3,Site Visit,2025-01-25,Toured new building,4
2133,261,1,Meeting,2026-03-13,Discovery meeting,4
2134,261,2,Event Attendance,2025-11-29,Commencement ceremony,4
2135,261,3,Site Visit,2024-11-14,Toured new building,4
2136,261,4,Site Visit,2024-10-29,Campus tour with family,4
2137,261,5,Site Visit,2024-09-13,Toured new building,4
2138,261,6,Phone Call,2024-03-26,Left voicemail,4
2139,261,7,Site Visit,2023-08-04,Lab walkthrough with faculty,4
2140,261,8,Portfolio Review,2023-02-02,Pre-ask strategy session,4
2141,262,1,Email,2026-03-29,Annual fund solicitation,4
2142,262,2,Site Visit,2026-03-26,Visited endowed professorship,4
2143,262,3,Site Visit,2026-03-18,Visited endowed professorship,4
2144,262,4,Portfolio Review,2026-02-03,Solicitation debrief,4
2145,262,5,Meeting,2025-03-04,Lunch at faculty club,4
2146,262,6,Event Attendance,2024-11-30,Commencement ceremony,4
2147,262,7,Portfolio Review,2024-09-04,Solicitation debrief,4
2148,262,8,Email,2024-07-02,Sent birthday greeting,4
2149,262,9,Site Visit,2024-06-08,Campus tour with family,4
2150,262,10,Event Attendance,2023-05-08,Campaign kickoff event,4
2151,262,11,Email,2023-01-27,Holiday greeting,4
2152,262,12,Site Visit,2022-12-22,Campus tour with family,4
2153,262,13,Portfolio Review,2022-09-07,Internal portfolio review,4
2154,263,1,Email,2026-04-20,Sent thank-you note,4
2155,263,2,Event Attendance,2025-11-27,Commencement ceremony,4
2156,263,3,Meeting,2024-12-26,Met spouse for first time,4
2157,263,4,Email,2024-11-06,Sent thank-you note,4
2158,263,5,Email,2024-10-24,Proposal follow-up email,4
2159,263,6,Portfolio Review,2023-05-06,Strategy call with leadership,4
2160,263,7,Event Attendance,2022-07-24,Attended gala,4
2161,264,1,Site Visit,2025-05-20,Campus tour with family,4
2162,264,2,Meeting,2024-11-26,Initial in-person meeting,4
2163,264,3,Meeting,2024-08-31,Initial in-person meeting,4
2164,264,4,Meeting,2024-08-02,Stewardship dinner,4
2165,264,5,Site Visit,2023-03-14,Arts center opening,4
2166,264,6,Event Attendance,2022-09-06,Alumni leadership weekend,4
2167,265,1,Email,2026-01-22,Proposal follow-up email,4
2168,265,2,Site Visit,2026-01-10,Lab walkthrough with faculty,4
2169,265,3,Phone Call,2025-12-10,Discussed pledge payment,4
2170,265,4,Phone Call,2025-05-18,Brief check-in,4
2171,265,5,Portfolio Review,2024-12-09,Debrief after proposal conversation,4
2172,265,6,Phone Call,2024-11-01,Solicitation follow-up,4
2173,265,7,Portfolio Review,2024-08-16,Debrief after proposal conversation,4
2174,265,8,Phone Call,2023-12-01,Called to share impact story,4
2175,265,9,Site Visit,2023-04-18,Athletic facility tour,4
2176,265,10,Email,2023-02-20,Sent impact report,4
2177,265,11,Event Attendance,2022-12-19,Alumni leadership weekend,4
2178,266,1,Meeting,2024-12-10,Campus visit scheduled,4
2179,266,2,Email,2024-12-07,Sent birthday greeting,4
2180,267,1,Email,2025-01-26,Event invitation,4
2181,267,2,Meeting,2023-01-08,Follow-up meeting re: proposal,4
2182,268,1,Site Visit,2025-12-26,Met scholarship recipient,4
2183,268,2,Phone Call,2025-12-14,Check-in call,4
2184,268,3,Email,2025-10-02,Annual fund solicitation,4
2185,268,4,Email,2025-03-30,Sent thank-you note,4
2186,268,5,Site Visit,2025-01-21,Arts center opening,4
2187,268,6,Email,2024-07-23,Forwarded dean's letter,4
2188,268,7,Email,2024-04-21,Annual fund solicitation,4
2189,268,8,Meeting,2024-01-21,Office visit,4
2190,268,9,Email,2023-07-10,Sent impact report,4
2191,268,10,Email,2023-03-10,Holiday greeting,4
2192,268,11,Event Attendance,2022-10-15,Attended gala,4
2193,268,12,Meeting,2022-07-27,Met spouse for first time,4
2194,269,1,Event Attendance,2025-03-07,Attended gala,4
2195,269,2,Portfolio Review,2024-08-18,Solicitation debrief,4
2196,269,3,Phone Call,2024-06-16,Confirmed meeting time,4
2197,269,4,Portfolio Review,2024-04-06,Debrief after proposal conversation,4
2198,269,5,Meeting,2023-07-16,Met at alumni event,4
2199,269,6,Event Attendance,2023-07-10,Campaign kickoff event,4
2200,269,7,Event Attendance,2023-02-16,Campaign kickoff event,4
2201,269,8,Portfolio Review,2022-05-23,Pre-ask strategy session,4
2202,270,1,Email,2026-02-05,Shared news article of interest,4
2203,270,2,Email,2025-09-15,Shared news article of interest,4
2204,270,3,Email,2025-04-17,Shared news article of interest,4
2205,270,4,Site Visit,2024-11-16,Met scholarship recipient,4
2206,270,5,Portfolio Review,2024-08-10,Debrief after proposal conversation,4
2207,270,6,Portfolio Review,2023-11-30,Internal portfolio review,4
2208,270,7,Site Visit,2023-09-27,Arts center opening,4
2209,270,8,Site Visit,2023-06-21,Met scholarship recipient,4
2210,270,9,Meeting,2023-06-12,Stewardship dinner,4
2211,270,10,Event Attendance,2023-06-06,Campaign kickoff event,4
2212,270,11,Meeting,2023-02-28,Stewardship dinner,4
2213,270,12,Portfolio Review,2022-12-25,Pre-ask strategy session,4
2214,270,13,Event Attendance,2022-09-09,Alumni leadership weekend,4
2215,271,1,Phone Call,2025-09-07,Confirmed meeting time,4
2216,271,2,Portfolio Review,2025-02-05,Discussed ask timing with director,4
2217,271,3,Portfolio Review,2024-01-15,Internal portfolio review,4
2218,271,4,Event Attendance,2023-05-16,Regional club event,4
2219,271,5,Email,2023-03-12,Sent thank-you note,4
2220,272,1,Phone Call,2025-12-06,Touched base on family news,4
2221,272,2,Meeting,2025-09-22,Office visit,4
2222,272,3,Meeting,2025-07-22,Discussed naming opportunity,4
2223,272,4,Email,2025-04-11,Sent birthday greeting,4
2224,272,5,Portfolio Review,2024-02-05,Pre-ask strategy session,4
2225,272,6,Portfolio Review,2024-01-10,Debrief after proposal conversation,4
2226,272,7,Phone Call,2023-08-13,Check-in call,4
2227,272,8,Site Visit,2023-07-22,Toured new building,4
2228,272,9,Portfolio Review,2023-02-27,Internal portfolio review,4
2229,272,10,Meeting,2022-11-03,Office visit,4
2230,273,1,Email,2025-09-20,Annual fund solicitation,4
2231,273,2,Event Attendance,2025-09-02,Homecoming reception,4
2232,273,3,Portfolio Review,2025-01-12,Debrief after proposal conversation,4
2233,273,4,Meeting,2024-09-28,Year-end thank-you lunch,4
2234,273,5,Email,2024-07-01,Forwarded dean's letter,4
2235,273,6,Site Visit,2024-05-26,Arts center opening,4
2236,273,7,Site Visit,2024-03-18,Arts center opening,4
2237,273,8,Site Visit,2024-02-18,Met scholarship recipient,4
2238,273,9,Site Visit,2024-01-08,Arts center opening,4
2239,273,10,Phone Call,2023-06-02,Discussed pledge payment,4
2240,273,11,Portfolio Review,2023-04-07,Strategy call with leadership,4
2241,273,12,Event Attendance,2022-06-24,Campaign kickoff event,4
2242,273,13,Meeting,2022-05-24,Office visit,4
2243,274,1,Site Visit,2024-04-24,Campus tour with family,4
2244,274,2,Email,2023-01-23,Forwarded dean's letter,4
2245,274,3,Phone Call,2023-01-22,Called to share impact story,4
2246,274,4,Portfolio Review,2022-09-30,Discussed ask timing with director,4
2247,274,5,Email,2022-08-10,Event invitation,4
2248,275,1,Email,2026-02-12,Updated on campaign progress,4
2249,275,2,Email,2024-10-14,Holiday greeting,4
2250,275,3,Phone Call,2024-09-20,Check-in call,4
2251,275,4,Portfolio Review,2024-06-22,Solicitation debrief,4
2252,275,5,Phone Call,2023-12-30,Confirmed meeting time,4
2253,275,6,Event Attendance,2023-08-15,Regional club event,4
2254,275,7,Event Attendance,2023-07-16,Advisory board meeting,4
2255,275,8,Meeting,2023-06-26,Stewardship dinner,4
2256,275,9,Email,2023-06-11,Holiday greeting,4
2257,275,10,Meeting,2023-03-23,Discovery meeting,4
2258,275,11,Email,2023-02-19,Forwarded dean's letter,4
2259,276,1,Email,2025-06-09,Proposal follow-up email,4
2260,276,2,Event Attendance,2025-02-17,Homecoming reception,4
2261,277,1,Site Visit,2026-05-08,Arts center opening,4
2262,277,2,Site Visit,2026-03-30,Athletic facility tour,4
2263,277,3,Phone Call,2026-03-26,Touched base on family news,4
2264,277,4,Email,2026-03-01,Event invitation,4
2265,277,5,Portfolio Review,2025-11-06,Solicitation debrief,4
2266,277,6,Meeting,2025-08-06,Initial in-person meeting,4
2267,277,7,Site Visit,2025-06-10,Campus tour with family,4
2268,277,8,Email,2025-04-17,Event invitation,4
2269,277,9,Phone Call,2025-03-31,Call re: event invitation,4
2270,277,10,Portfolio Review,2025-03-24,Solicitation debrief,4
2271,277,11,Meeting,2025-02-01,Stewardship dinner,4
2272,277,12,Meeting,2024-10-28,Year-end thank-you lunch,4
2273,277,13,Phone Call,2024-10-21,Solicitation follow-up,4
2274,277,14,Email,2024-04-25,Holiday greeting,4
2275,277,15,Event Attendance,2023-08-25,Advisory board meeting,4
2276,277,16,Email,2023-07-15,Forwarded dean's letter,4
2277,277,17,Portfolio Review,2023-05-16,Solicitation debrief,4
2278,277,18,Event Attendance,2023-05-12,Homecoming reception,4
2279,277,19,Portfolio Review,2023-04-17,Solicitation debrief,4
2280,277,20,Email,2023-03-09,Sent impact report,4
2281,277,21,Site Visit,2023-01-12,Toured new building,4
2282,277,22,Portfolio Review,2022-08-26,Strategy call with leadership,4
2283,278,1,Event Attendance,2026-05-05,Commencement ceremony,4
2284,278,2,Phone Call,2026-03-10,Left voicemail,4
2285,278,3,Email,2025-08-14,Forwarded dean's letter,4
2286,278,4,Phone Call,2025-04-27,Touched base on family news,4
2287,278,5,Phone Call,2025-01-03,Touched base on family news,4
2288,278,6,Email,2024-08-09,Holiday greeting,4
2289,278,7,Phone Call,2023-04-04,Solicitation follow-up,4
2290,278,8,Event Attendance,2022-11-16,Alumni leadership weekend,4
2291,278,9,Meeting,2022-11-14,Discussed naming opportunity,4
2292,278,10,Meeting,2022-10-30,Initial in-person meeting,4
2293,278,11,Event Attendance,2022-09-06,Alumni leadership weekend,4
2294,279,1,Email,2026-03-03,Annual fund solicitation,4
2295,279,2,Site Visit,2024-01-16,Arts center opening,4
2296,279,3,Event Attendance,2022-07-13,Alumni leadership weekend,4
2297,280,1,Meeting,2025-05-18,Met at alumni event,4
2298,280,2,Meeting,2025-02-01,Discovery meeting,4
2299,280,3,Site Visit,2024-09-30,Campus tour with family,4
2300,280,4,Email,2024-09-23,Shared news article of interest,4
2301,280,5,Portfolio Review,2024-09-14,Pre-ask strategy session,4
2302,280,6,Meeting,2024-06-06,Office visit,4
2303,280,7,Site Visit,2024-05-20,Met scholarship recipient,4
2304,280,8,Portfolio Review,2024-03-09,Debrief after proposal conversation,4
2305,280,9,Email,2023-09-09,Updated on campaign progress,4
2306,280,10,Portfolio Review,2023-09-03,Internal portfolio review,4
2307,280,11,Site Visit,2023-09-01,Visited endowed professorship,4
2308,280,12,Site Visit,2023-08-22,Athletic facility tour,4
2309,280,13,Site Visit,2023-05-31,Arts center opening,4
2310,280,14,Phone Call,2023-05-05,Check-in call,4
2311,280,15,Email,2023-01-13,Proposal follow-up email,4
2312,280,16,Event Attendance,2022-11-08,Alumni leadership weekend,4
2313,280,17,Site Visit,2022-09-14,Toured new building,4
2314,280,18,Event Attendance,2022-08-22,Advisory board meeting,4
2315,281,1,Email,2024-08-09,Sent impact report,4
2316,281,2,Email,2024-03-11,Forwarded dean's letter,4
2317,281,3,Portfolio Review,2024-02-25,Internal portfolio review,4
2318,281,4,Email,2024-01-30,Sent impact report,4
2319,281,5,Email,2024-01-02,Forwarded dean's letter,4
2320,281,6,Site Visit,2023-11-28,Lab walkthrough with faculty,4
2321,281,7,Event Attendance,2022-08-08,President's dinner,4
2322,282,1,Portfolio Review,2026-04-11,Reviewed prospect strategy with team,4
2323,282,2,Email,2026-04-08,Sent birthday greeting,4
2324,282,3,Meeting,2025-11-18,Campus visit scheduled,4
2325,282,4,Meeting,2025-10-08,Follow-up meeting re: proposal,4
2326,282,5,Phone Call,2025-08-30,Introduced new initiative,4
2327,282,6,Event Attendance,2025-03-25,Alumni leadership weekend,4
2328,282,7,Phone Call,2024-07-15,Called to share impact story,4
2329,282,8,Site Visit,2024-04-05,Visited endowed professorship,4
2330,282,9,Portfolio Review,2023-05-12,Internal portfolio review,4
2331,282,10,Email,2022-12-30,Holiday greeting,4
2332,282,11,Email,2022-12-18,Sent thank-you note,4
2333,282,12,Site Visit,2022-12-12,Lab walkthrough with faculty,4
2334,282,13,Event Attendance,2022-11-18,Alumni leadership weekend,4
2335,283,1,Phone Call,2026-04-10,Call re: event invitation,4
2336,283,2,Email,2026-03-09,Sent impact report,4
2337,283,3,Phone Call,2026-02-24,Left voicemail,4
2338,283,4,Meeting,2025-10-24,Discovery meeting,4
2339,283,5,Portfolio Review,2024-02-27,Debrief after proposal conversation,4
2340,283,6,Site Visit,2023-09-01,Arts center opening,4
2341,283,7,Site Visit,2023-07-29,Lab walkthrough with faculty,4
2342,283,8,Portfolio Review,2023-06-08,Reviewed prospect strategy with team,4
2343,284,1,Email,2026-04-21,Proposal follow-up email,4
2344,284,2,Site Visit,2026-04-10,Lab walkthrough with faculty,4
2345,284,3,Meeting,2026-04-04,Discovery meeting,4
2346,284,4,Portfolio Review,2025-12-21,Discussed ask timing with director,4
2347,284,5,Site Visit,2025-12-16,Campus tour with family,4
2348,284,6,Email,2025-11-29,Updated on campaign progress,4
2349,284,7,Meeting,2025-11-07,Met at alumni event,4
2350,284,8,Site Visit,2025-07-15,Athletic facility tour,4
2351,284,9,Email,2025-04-19,Forwarded dean's letter,4
2352,284,10,Email,2024-08-20,Sent birthday greeting,4
2353,284,11,Event Attendance,2024-07-28,Alumni leadership weekend,4
2354,284,12,Site Visit,2024-03-11,Toured new building,4
2355,284,13,Site Visit,2024-01-22,Arts center opening,4
2356,284,14,Site Visit,2024-01-02,Met scholarship recipient,4
2357,284,15,Event Attendance,2023-07-23,Homecoming reception,4
2358,284,16,Site Visit,2023-07-07,Lab walkthrough with faculty,4
2359,284,17,Event Attendance,2023-05-08,Attended gala,4
2360,284,18,Site Visit,2023-02-02,Visited endowed professorship,4
2361,284,19,Phone Call,2022-12-30,Touched base on family news,4
2362,284,20,Email,2022-12-28,Forwarded dean's letter,4
2363,284,21,Event Attendance,2022-06-11,Homecoming reception,4
2364,285,1,Portfolio Review,2025-07-31,Debrief after proposal conversation,4
2365,285,2,Meeting,2024-08-23,Follow-up meeting re: proposal,4
2366,285,3,Phone Call,2024-07-10,Left voicemail,4
2367,286,1,Email,2026-01-21,Updated on campaign progress,4
2368,286,2,Email,2025-12-01,Sent thank-you note,4
2369,286,3,Phone Call,2025-08-05,Check-in call,4
2370,286,4,Email,2025-01-30,Annual fund solicitation,4
2371,286,5,Event Attendance,2024-12-26,Commencement ceremony,4
2372,286,6,Meeting,2024-02-16,Discovery meeting,4
2373,286,7,Portfolio Review,2023-09-25,Internal portfolio review,4
2374,286,8,Event Attendance,2023-08-15,Athletic event in donor suite,4
2375,286,9,Event Attendance,2023-06-15,Athletic event in donor suite,4
2376,286,10,Email,2023-03-18,Shared news article of interest,4
2377,286,11,Email,2023-01-22,Forwarded dean's letter,4
2378,286,12,Portfolio Review,2022-12-06,Pre-ask strategy session,4
2379,287,1,Phone Call,2026-04-24,Touched base on family news,4
2380,287,2,Meeting,2025-12-14,Coffee meeting downtown,4
2381,287,3,Site Visit,2025-12-06,Campus tour with family,4
2382,287,4,Phone Call,2025-10-18,Called to share impact story,4
2383,287,5,Site Visit,2025-09-15,Lab walkthrough with faculty,4
2384,287,6,Portfolio Review,2025-09-03,Strategy call with leadership,4
2385,287,7,Event Attendance,2025-06-24,Commencement ceremony,4
2386,287,8,Site Visit,2025-06-15,Toured new building,4
2387,287,9,Email,2024-04-12,Event invitation,4
2388,287,10,Site Visit,2024-01-01,Met scholarship recipient,4
2389,287,11,Portfolio Review,2023-06-22,Solicitation debrief,4
2390,287,12,Email,2023-04-11,Sent birthday greeting,4
2391,287,13,Email,2022-06-19,Annual fund solicitation,4
2392,288,1,Meeting,2025-08-17,Stewardship dinner,4
2393,288,2,Site Visit,2025-08-05,Lab walkthrough with faculty,4
2394,288,3,Phone Call,2025-06-19,Touched base on family news,4
2395,288,4,Meeting,2025-06-16,Coffee meeting downtown,4
2396,288,5,Email,2025-03-29,Shared news article of interest,4
2397,288,6,Phone Call,2025-03-16,Solicitation follow-up,4
2398,288,7,Event Attendance,2024-12-23,Athletic event in donor suite,4
2399,288,8,Email,2024-10-04,Event invitation,4
2400,288,9,Meeting,2024-07-14,Met spouse for first time,4
2401,288,10,Site Visit,2024-04-21,Athletic facility tour,4
2402,288,11,Phone Call,2024-04-20,Solicitation follow-up,4
2403,288,12,Email,2023-10-17,Sent birthday greeting,4
2404,288,13,Phone Call,2023-09-28,Introduced new initiative,4
2405,288,14,Portfolio Review,2023-09-24,Debrief after proposal conversation,4
2406,288,15,Phone Call,2023-06-23,Call re: event invitation,4
2407,288,16,Email,2023-06-15,Updated on campaign progress,4
2408,288,17,Event Attendance,2023-06-13,Regional club event,4
2409,288,18,Email,2023-03-24,Annual fund solicitation,4
2410,288,19,Site Visit,2022-12-30,Met scholarship recipient,4
2411,288,20,Event Attendance,2022-12-11,Campaign kickoff event,4
2412,288,21,Portfolio Review,2022-09-28,Solicitation debrief,4
2413,288,22,Phone Call,2022-07-19,Solicitation follow-up,4
2414,289,1,Email,2025-10-24,Annual fund solicitation,4
2415,289,2,Portfolio Review,2025-10-23,Pre-ask strategy session,4
2416,289,3,Phone Call,2025-09-04,Discussed pledge payment,4
2417,289,4,Meeting,2025-07-13,Met at alumni event,4
2418,289,5,Phone Call,2025-05-21,Solicitation follow-up,4
2419,289,6,Event Attendance,2025-03-04,President's dinner,4
2420,289,7,Phone Call,2024-11-29,Discussed pledge payment,4
2421,289,8,Site Visit,2024-10-25,Visited endowed professorship,4
2422,289,9,Meeting,2024-07-14,Stewardship dinner,4
2423,289,10,Meeting,2024-03-28,Coffee meeting downtown,4
2424,289,11,Phone Call,2023-06-17,Called to share impact story,4
2425,289,12,Site Visit,2023-03-24,Campus tour with family,4
2426,289,13,Portfolio Review,2023-02-28,Pre-ask strategy session,4
2427,289,14,Email,2023-02-04,Proposal follow-up email,4
2428,289,15,Event Attendance,2023-01-25,Homecoming reception,4
2429,289,16,Phone Call,2022-12-30,Called to share impact story,4
2430,289,17,Site Visit,2022-10-09,Campus tour with family,4
2431,290,1,Email,2023-09-23,Proposal follow-up email,4
2432,290,2,Event Attendance,2022-06-05,Advisory board meeting,4
2433,291,1,Email,2025-12-12,Event invitation,4
2434,291,2,Event Attendance,2025-08-02,Commencement ceremony,4
2435,291,3,Portfolio Review,2025-06-15,Reviewed prospect strategy with team,4
2436,291,4,Phone Call,2025-03-09,Check-in call,4
2437,291,5,Email,2024-10-30,Forwarded dean's letter,4
2438,291,6,Portfolio Review,2023-12-08,Reviewed prospect strategy with team,4
2439,291,7,Portfolio Review,2023-11-29,Pre-ask strategy session,4
2440,291,8,Phone Call,2023-08-22,Brief check-in,4
2441,291,9,Event Attendance,2023-03-31,Alumni leadership weekend,4
2442,291,10,Site Visit,2022-12-29,Met scholarship recipient,4
2443,291,11,Phone Call,2022-11-01,Check-in call,4
2444,291,12,Phone Call,2022-06-28,Touched base on family news,4
2445,291,13,Email,2022-05-26,Sent birthday greeting,4
2446,292,1,Event Attendance,2026-05-10,Regional club event,4
2447,293,1,Portfolio Review,2026-04-25,Pre-ask strategy session,4
2448,293,2,Site Visit,2026-03-14,Toured new building,4
2449,293,3,Portfolio Review,2025-11-10,Solicitation debrief,4
2450,293,4,Email,2024-12-18,Proposal follow-up email,4
2451,293,5,Portfolio Review,2024-11-08,Debrief after proposal conversation,4
2452,293,6,Event Attendance,2024-11-04,Attended gala,4
2453,293,7,Portfolio Review,2024-04-26,Pre-ask strategy session,4
2454,293,8,Event Attendance,2023-07-27,Athletic event in donor suite,4
2455,293,9,Site Visit,2022-12-26,Lab walkthrough with faculty,4
2456,293,10,Site Visit,2022-10-04,Arts center opening,4
2457,294,1,Email,2026-03-04,Sent impact report,4
2458,294,2,Event Attendance,2025-10-21,President's dinner,4
2459,294,3,Portfolio Review,2023-04-30,Solicitation debrief,4
2460,295,1,Site Visit,2026-01-27,Arts center opening,4
2461,295,2,Portfolio Review,2025-12-03,Debrief after proposal conversation,4
2462,295,3,Email,2025-09-19,Event invitation,4
2463,295,4,Event Attendance,2025-08-25,Regional club event,4
2464,295,5,Phone Call,2024-01-13,Brief check-in,4
2465,296,1,Event Attendance,2025-06-09,Advisory board meeting,4
2466,296,2,Event Attendance,2024-08-11,Attended gala,4
2467,296,3,Portfolio Review,2024-07-09,Pre-ask strategy session,4
2468,296,4,Site Visit,2022-08-14,Visited endowed professorship,4
2469,296,5,Portfolio Review,2022-05-30,Solicitation debrief,4
2470,297,1,Phone Call,2026-01-08,Called to share impact story,4
2471,298,1,Phone Call,2026-02-19,Called to share impact story,4
2472,298,2,Site Visit,2025-12-01,Lab walkthrough with faculty,4
2473,298,3,Portfolio Review,2025-06-02,Solicitation debrief,4
2474,298,4,Meeting,2024-11-21,Discovery meeting,4
2475,298,5,Email,2024-11-03,Sent birthday greeting,4
2476,298,6,Email,2023-11-25,Event invitation,4
2477,298,7,Email,2022-12-22,Forwarded dean's letter,4
2478,299,1,Portfolio Review,2025-11-26,Debrief after proposal conversation,4
2479,299,2,Phone Call,2025-11-26,Check-in call,4
2480,299,3,Phone Call,2025-11-22,Introduced new initiative,4
2481,299,4,Site Visit,2025-11-17,Toured new building,4
2482,299,5,Portfolio Review,2025-09-25,Internal portfolio review,4
2483,299,6,Email,2025-05-13,Shared news article of interest,4
2484,299,7,Portfolio Review,2025-05-06,Strategy call with leadership,4
2485,299,8,Portfolio Review,2024-08-09,Internal portfolio review,4
2486,299,9,Email,2023-10-16,Sent impact report,4
2487,299,10,Site Visit,2023-03-19,Arts center opening,4
2488,299,11,Email,2023-01-27,Holiday greeting,4
2489,299,12,Email,2022-06-25,Holiday greeting,4
2490,300,1,Email,2025-11-13,Annual fund solicitation,4
2491,300,2,Email,2025-05-24,Sent thank-you note,4
2492,300,3,Portfolio Review,2025-05-01,Discussed ask timing with director,4
2493,300,4,Site Visit,2025-04-08,Visited endowed professorship,4
2494,300,5,Portfolio Review,2025-02-13,Solicitation debrief,4
2495,300,6,Phone Call,2024-12-06,Check-in call,4
2496,300,7,Event Attendance,2024-11-26,Commencement ceremony,4
2497,300,8,Phone Call,2024-11-09,Called to share impact story,4
2498,300,9,Event Attendance,2024-09-24,Alumni leadership weekend,4
2499,300,10,Portfolio Review,2024-08-13,Pre-ask strategy session,4
2500,300,11,Email,2024-01-25,Proposal follow-up email,4
2501,300,12,Phone Call,2023-12-03,Introduced new initiative,4
2502,300,13,Portfolio Review,2023-08-22,Discussed ask timing with director,4
2503,300,14,Event Attendance,2022-06-23,Regional club event,4
2504,301,1,Site Visit,2025-03-16,Met scholarship recipient,4
2505,301,2,Meeting,2025-03-01,Lunch at faculty club,4
2506,301,3,Event Attendance,2024-12-09,President's dinner,4
2507,301,4,Site Visit,2023-07-05,Lab walkthrough with faculty,4
2508,302,1,Meeting,2026-03-13,Campus visit scheduled,4
2509,302,2,Email,2024-07-30,Sent impact report,4
2510,302,3,Phone Call,2024-07-29,Confirmed meeting time,4
2511,302,4,Site Visit,2024-04-19,Met scholarship recipient,4
2512,302,5,Email,2024-04-08,Event invitation,4
2513,302,6,Phone Call,2023-03-24,Introduced new initiative,4
2514,302,7,Email,2023-02-05,Holiday greeting,4
2515,302,8,Site Visit,2023-02-01,Athletic facility tour,4
2516,302,9,Phone Call,2022-09-11,Check-in call,4
2517,302,10,Site Visit,2022-06-15,Visited endowed professorship,4
2518,303,1,Portfolio Review,2023-12-13,Pre-ask strategy session,4
2519,303,2,Site Visit,2023-10-30,Visited endowed professorship,4
2520,303,3,Phone Call,2023-02-27,Call re: event invitation,4
2521,303,4,Portfolio Review,2023-01-22,Reviewed prospect strategy with team,4
2522,303,5,Event Attendance,2022-06-29,Advisory board meeting,4
2523,304,1,Event Attendance,2026-02-28,Commencement ceremony,4
2524,304,2,Event Attendance,2025-10-13,Attended gala,4
2525,304,3,Phone Call,2025-01-27,Called to share impact story,4
2526,304,4,Phone Call,2024-11-16,Call re: event invitation,4
2527,304,5,Event Attendance,2024-09-14,Campaign kickoff event,4
2528,304,6,Phone Call,2024-02-20,Brief check-in,4
2529,304,7,Phone Call,2024-01-10,Discussed pledge payment,4
2530,304,8,Portfolio Review,2023-12-31,Reviewed prospect strategy with team,4
2531,304,9,Meeting,2023-07-18,Lunch at faculty club,4
2532,304,10,Email,2022-08-01,Holiday greeting,4
2533,305,1,Meeting,2025-06-17,Campus visit scheduled,4
2534,305,2,Phone Call,2024-03-02,Left voicemail,4
2535,305,3,Phone Call,2023-10-25,Call re: event invitation,4
2536,305,4,Email,2023-10-21,Event invitation,4
2537,306,1,Event Attendance,2025-11-18,Advisory board meeting,4
2538,306,2,Meeting,2025-07-10,Initial in-person meeting,4
2539,306,3,Phone Call,2025-03-31,Introduced new initiative,4
2540,306,4,Meeting,2025-01-23,Initial in-person meeting,4
2541,306,5,Event Attendance,2025-01-05,Commencement ceremony,4
2542,306,6,Portfolio Review,2023-12-09,Internal portfolio review,4
2543,306,7,Site Visit,2022-07-19,Arts center opening,4
2544,307,1,Site Visit,2025-11-06,Lab walkthrough with faculty,4
2545,307,2,Email,2025-01-09,Holiday greeting,4
2546,307,3,Site Visit,2023-10-15,Visited endowed professorship,4
2547,307,4,Email,2022-06-05,Proposal follow-up email,4
2548,308,1,Site Visit,2025-12-26,Arts center opening,4
2549,308,2,Portfolio Review,2024-06-10,Discussed ask timing with director,4
2550,308,3,Meeting,2024-03-06,Met at alumni event,4
2551,308,4,Event Attendance,2023-05-24,President's dinner,4
2552,308,5,Phone Call,2023-01-15,Introduced new initiative,4
2553,309,1,Site Visit,2026-05-18,Lab walkthrough with faculty,4
2554,309,2,Meeting,2025-12-14,Met at alumni event,4
2555,309,3,Email,2025-08-12,Updated on campaign progress,4
2556,309,4,Meeting,2025-02-04,Stewardship dinner,4
2557,309,5,Site Visit,2024-06-24,Arts center opening,4
2558,309,6,Phone Call,2024-02-26,Confirmed meeting time,4
2559,309,7,Phone Call,2023-07-30,Call re: event invitation,4
2560,309,8,Email,2023-01-10,Updated on campaign progress,4
2561,309,9,Portfolio Review,2022-12-18,Strategy call with leadership,4
2562,309,10,Site Visit,2022-10-07,Toured new building,4
2563,310,1,Portfolio Review,2025-12-03,Strategy call with leadership,4
2564,310,2,Site Visit,2025-10-26,Visited endowed professorship,4
2565,310,3,Meeting,2025-10-16,Office visit,4
2566,310,4,Email,2025-06-21,Holiday greeting,4
2567,310,5,Event Attendance,2025-05-19,Campaign kickoff event,4
2568,310,6,Site Visit,2024-06-11,Arts center opening,4
2569,310,7,Site Visit,2024-02-26,Toured new building,4
2570,310,8,Site Visit,2024-01-09,Arts center opening,4
2571,310,9,Portfolio Review,2023-10-12,Pre-ask strategy session,4
2572,310,10,Site Visit,2023-06-27,Visited endowed professorship,4
2573,310,11,Meeting,2022-07-24,Discovery meeting,4
2574,310,12,Site Visit,2022-07-16,Met scholarship recipient,4
2575,311,1,Site Visit,2024-04-18,Arts center opening,4
2576,311,2,Email,2023-11-11,Sent birthday greeting,4
2577,311,3,Email,2023-07-28,Event invitation,4
2578,311,4,Phone Call,2023-01-01,Confirmed meeting time,4
2579,312,1,Portfolio Review,2026-05-07,Discussed ask timing with director,4
2580,312,2,Email,2025-12-09,Shared news article of interest,4
2581,312,3,Event Attendance,2025-07-18,Athletic event in donor suite,4
2582,312,4,Site Visit,2024-06-30,Toured new building,4
2583,312,5,Site Visit,2024-03-27,Met scholarship recipient,4
2584,312,6,Meeting,2022-08-09,Lunch at faculty club,4
2585,313,1,Email,2026-02-08,Proposal follow-up email,4
2586,313,2,Site Visit,2024-04-30,Met scholarship recipient,4
2587,313,3,Portfolio Review,2023-10-22,Reviewed prospect strategy with team,4
2588,313,4,Meeting,2023-01-10,Follow-up meeting re: proposal,4
2589,313,5,Email,2022-07-16,Holiday greeting,4
2590,314,1,Event Attendance,2026-04-16,Commencement ceremony,4
2591,314,2,Phone Call,2026-03-10,Discussed pledge payment,4
2592,314,3,Meeting,2026-03-08,Follow-up meeting re: proposal,4
2593,314,4,Meeting,2025-10-05,Office visit,4
2594,314,5,Portfolio Review,2024-09-19,Internal portfolio review,4
2595,314,6,Portfolio Review,2024-07-26,Pre-ask strategy session,4
2596,314,7,Site Visit,2024-05-21,Met scholarship recipient,4
2597,314,8,Email,2024-05-20,Forwarded dean's letter,4
2598,314,9,Portfolio Review,2024-01-18,Discussed ask timing with director,4
2599,314,10,Phone Call,2023-11-19,Called to share impact story,4
2600,314,11,Event Attendance,2023-01-17,Athletic event in donor suite,4
2601,314,12,Meeting,2022-10-27,Lunch at faculty club,4
2602,315,1,Portfolio Review,2026-03-04,Solicitation debrief,4
2603,315,2,Email,2025-12-11,Updated on campaign progress,4
2604,315,3,Site Visit,2025-10-26,Toured new building,4
2605,315,4,Phone Call,2025-07-25,Call re: event invitation,4
2606,315,5,Portfolio Review,2024-06-29,Solicitation debrief,4
2607,315,6,Portfolio Review,2024-04-18,Debrief after proposal conversation,4
2608,315,7,Site Visit,2024-03-30,Toured new building,4
2609,315,8,Phone Call,2023-07-07,Brief check-in,4
2610,315,9,Email,2022-12-21,Proposal follow-up email,4
2611,315,10,Event Attendance,2022-10-23,Campaign kickoff event,4
2612,316,1,Site Visit,2026-02-17,Lab walkthrough with faculty,4
2613,316,2,Portfolio Review,2026-02-10,Reviewed prospect strategy with team,4
2614,316,3,Email,2025-05-06,Sent impact report,4
2615,316,4,Site Visit,2025-03-07,Lab walkthrough with faculty,4
2616,316,5,Meeting,2025-01-07,Discussed naming opportunity,4
2617,316,6,Portfolio Review,2024-11-05,Internal portfolio review,4
2618,316,7,Email,2024-11-01,Proposal follow-up email,4
2619,316,8,Site Visit,2024-04-15,Athletic facility tour,4
2620,316,9,Portfolio Review,2023-12-09,Reviewed prospect strategy with team,4
2621,316,10,Meeting,2023-09-26,Met at alumni event,4
2622,316,11,Phone Call,2023-07-29,Check-in call,4
2623,316,12,Portfolio Review,2023-03-04,Reviewed prospect strategy with team,4
2624,316,13,Phone Call,2022-12-30,Solicitation follow-up,4
2625,316,14,Event Attendance,2022-08-15,Regional club event,4
2626,316,15,Portfolio Review,2022-07-11,Solicitation debrief,4
2627,316,16,Event Attendance,2022-06-30,Athletic event in donor suite,4
2628,317,1,Phone Call,2026-04-26,Touched base on family news,4
2629,317,2,Portfolio Review,2024-08-05,Pre-ask strategy session,4
2630,317,3,Phone Call,2024-07-17,Called to share impact story,4
2631,317,4,Portfolio Review,2024-06-23,Internal portfolio review,4
2632,317,5,Portfolio Review,2024-06-18,Pre-ask strategy session,4
2633,317,6,Email,2024-06-11,Updated on campaign progress,4
2634,317,7,Meeting,2024-03-16,Campus visit scheduled,4
2635,317,8,Event Attendance,2024-01-11,Homecoming reception,4
2636,317,9,Portfolio Review,2023-11-23,Pre-ask strategy session,4
2637,317,10,Event Attendance,2023-09-20,Advisory board meeting,4
2638,317,11,Meeting,2023-05-09,Met at alumni event,4
2639,317,12,Portfolio Review,2023-04-05,Discussed ask timing with director,4
2640,317,13,Email,2023-01-18,Proposal follow-up email,4
2641,317,14,Email,2022-10-29,Sent thank-you note,4
2642,318,1,Meeting,2026-03-22,Discovery meeting,4
2643,318,2,Event Attendance,2025-07-06,Athletic event in donor suite,4
2644,318,3,Phone Call,2025-06-14,Confirmed meeting time,4
2645,318,4,Event Attendance,2024-05-31,President's dinner,4
2646,318,5,Site Visit,2024-01-22,Athletic facility tour,4
2647,318,6,Meeting,2023-12-20,Lunch at faculty club,4
2648,318,7,Site Visit,2023-10-07,Lab walkthrough with faculty,4
2649,318,8,Phone Call,2023-03-22,Solicitation follow-up,4
2650,318,9,Event Attendance,2023-02-09,Regional club event,4
2651,318,10,Phone Call,2022-11-20,Discussed pledge payment,4
2652,318,11,Portfolio Review,2022-11-19,Pre-ask strategy session,4
2653,318,12,Event Attendance,2022-08-09,Commencement ceremony,4
2654,319,1,Email,2025-03-02,Sent thank-you note,4
2655,319,2,Email,2024-01-16,Event invitation,4
2656,319,3,Portfolio Review,2023-01-10,Solicitation debrief,4
2657,320,1,Email,2025-07-04,Sent impact report,4
2658,320,2,Event Attendance,2025-05-23,Advisory board meeting,4
2659,320,3,Site Visit,2025-02-14,Arts center opening,4
2660,320,4,Phone Call,2024-10-12,Solicitation follow-up,4
2661,320,5,Site Visit,2024-08-09,Athletic facility tour,4
2662,320,6,Portfolio Review,2024-03-09,Pre-ask strategy session,4
2663,320,7,Site Visit,2024-02-22,Campus tour with family,4
2664,320,8,Phone Call,2024-02-14,Check-in call,4
2665,320,9,Event Attendance,2023-11-13,Alumni leadership weekend,4
2666,320,10,Phone Call,2023-10-14,Brief check-in,4
2667,320,11,Event Attendance,2023-08-12,Campaign kickoff event,4
2668,320,12,Meeting,2023-07-28,Met spouse for first time,4
2669,320,13,Event Attendance,2023-05-27,Commencement ceremony,4
2670,320,14,Meeting,2023-05-21,Stewardship dinner,4
2671,320,15,Event Attendance,2022-10-27,Alumni leadership weekend,4
2672,321,1,Portfolio Review,2023-09-28,Debrief after proposal conversation,4
2673,321,2,Email,2023-03-13,Sent impact report,4
2674,321,3,Portfolio Review,2022-11-17,Discussed ask timing with director,4
2675,322,1,Portfolio Review,2025-06-25,Internal portfolio review,4
2676,322,2,Email,2025-05-28,Holiday greeting,4
2677,322,3,Email,2025-04-21,Event invitation,4
2678,322,4,Meeting,2025-01-16,Met at alumni event,4
2679,322,5,Event Attendance,2024-04-26,Athletic event in donor suite,4
2680,322,6,Site Visit,2023-10-27,Lab walkthrough with faculty,4
2681,322,7,Portfolio Review,2023-09-27,Discussed ask timing with director,4
2682,322,8,Site Visit,2023-07-09,Lab walkthrough with faculty,4
2683,322,9,Phone Call,2023-04-17,Touched base on family news,4
2684,323,1,Site Visit,2025-10-06,Arts center opening,4
2685,323,2,Meeting,2025-06-29,Coffee meeting downtown,4
2686,323,3,Portfolio Review,2025-01-05,Debrief after proposal conversation,4
2687,323,4,Portfolio Review,2024-07-12,Solicitation debrief,4
2688,323,5,Site Visit,2022-12-31,Visited endowed professorship,4
2689,323,6,Event Attendance,2022-10-16,Athletic event in donor suite,4
2690,324,1,Portfolio Review,2026-04-03,Debrief after proposal conversation,4
2691,324,2,Email,2025-12-28,Updated on campaign progress,4
2692,324,3,Portfolio Review,2025-09-16,Strategy call with leadership,4
2693,324,4,Meeting,2024-12-05,Stewardship dinner,4
2694,324,5,Site Visit,2024-01-18,Arts center opening,4
2695,324,6,Event Attendance,2023-12-05,Athletic event in donor suite,4
2696,324,7,Site Visit,2023-09-10,Visited endowed professorship,4
2697,324,8,Meeting,2023-05-24,Lunch at faculty club,4
2698,324,9,Phone Call,2023-05-17,Call re: event invitation,4
2699,324,10,Event Attendance,2022-12-25,Homecoming reception,4
2700,324,11,Portfolio Review,2022-10-04,Internal portfolio review,4
2701,325,1,Site Visit,2025-12-21,Arts center opening,4
2702,325,2,Site Visit,2025-11-04,Visited endowed professorship,4
2703,325,3,Phone Call,2025-08-04,Call re: event invitation,4
2704,325,4,Email,2025-03-17,Proposal follow-up email,4
2705,325,5,Portfolio Review,2025-01-09,Pre-ask strategy session,4
2706,325,6,Email,2024-11-26,Forwarded dean's letter,4
2707,325,7,Portfolio Review,2024-07-15,Reviewed prospect strategy with team,4
2708,325,8,Event Attendance,2024-06-25,Regional club event,4
2709,325,9,Event Attendance,2024-01-27,Attended gala,4
2710,325,10,Phone Call,2023-09-06,Discussed pledge payment,4
2711,325,11,Event Attendance,2022-10-15,Regional club event,4
2712,325,12,Meeting,2022-09-15,Met at alumni event,4
2713,325,13,Email,2022-07-01,Annual fund solicitation,4
2714,326,1,Portfolio Review,2025-07-01,Reviewed prospect strategy with team,4
2715,326,2,Site Visit,2024-10-02,Arts center opening,4
2716,326,3,Site Visit,2024-08-31,Arts center opening,4
2717,326,4,Email,2023-03-16,Holiday greeting,4
2718,327,1,Site Visit,2025-07-25,Met scholarship recipient,4
2719,327,2,Portfolio Review,2024-09-30,Internal portfolio review,4
2720,327,3,Meeting,2022-12-24,Met at alumni event,4
2721,328,1,Email,2026-04-27,Holiday greeting,4
2722,328,2,Event Attendance,2025-07-22,Campaign kickoff event,4
2723,328,3,Email,2025-06-07,Sent birthday greeting,4
2724,328,4,Email,2024-12-06,Updated on campaign progress,4
2725,328,5,Site Visit,2024-09-08,Arts center opening,4
2726,328,6,Phone Call,2024-05-06,Called to share impact story,4
2727,328,7,Site Visit,2024-02-10,Lab walkthrough with faculty,4
2728,328,8,Site Visit,2023-09-18,Campus tour with family,4
2729,328,9,Meeting,2023-07-15,Campus visit scheduled,4
2730,328,10,Meeting,2023-06-28,Stewardship dinner,4
2731,328,11,Phone Call,2023-02-10,Call re: event invitation,4
2732,328,12,Phone Call,2022-12-02,Left voicemail,4
2733,329,1,Email,2025-09-19,Forwarded dean's letter,4
2734,329,2,Site Visit,2025-04-13,Athletic facility tour,4
2735,329,3,Portfolio Review,2024-10-29,Debrief after proposal conversation,4
2736,329,4,Portfolio Review,2022-12-22,Strategy call with leadership,4
2737,329,5,Event Attendance,2022-09-28,Alumni leadership weekend,4
2738,330,1,Meeting,2025-04-02,Discussed naming opportunity,4
2739,330,2,Portfolio Review,2024-05-07,Debrief after proposal conversation,4
2740,330,3,Email,2022-08-30,Sent birthday greeting,4
2741,331,1,Event Attendance,2024-11-12,Campaign kickoff event,4
2742,331,2,Meeting,2023-04-14,Coffee meeting downtown,4
2743,332,1,Phone Call,2025-05-12,Check-in call,4
2744,332,2,Event Attendance,2025-02-08,Regional club event,4
2745,332,3,Event Attendance,2025-01-05,Regional club event,4
2746,332,4,Meeting,2025-01-05,Year-end thank-you lunch,4
2747,332,5,Phone Call,2024-12-30,Solicitation follow-up,4
2748,332,6,Phone Call,2024-12-13,Called to share impact story,4
2749,332,7,Email,2023-10-30,Sent impact report,4
2750,332,8,Phone Call,2023-06-16,Left voicemail,4
2751,332,9,Phone Call,2023-03-18,Brief check-in,4
2752,332,10,Event Attendance,2022-09-27,Athletic event in donor suite,4
2753,332,11,Site Visit,2022-07-09,Toured new building,4
2754,332,12,Event Attendance,2022-07-09,Attended gala,4
2755,333,1,Phone Call,2025-12-23,Solicitation follow-up,4
2756,333,2,Event Attendance,2025-12-02,Alumni leadership weekend,4
2757,333,3,Event Attendance,2025-09-25,Athletic event in donor suite,4
2758,333,4,Email,2025-04-14,Annual fund solicitation,4
2759,333,5,Meeting,2023-11-28,Met spouse for first time,4
2760,333,6,Site Visit,2023-09-20,Visited endowed professorship,4
2761,333,7,Meeting,2023-09-15,Year-end thank-you lunch,4
2762,333,8,Site Visit,2022-10-31,Visited endowed professorship,4
2763,334,1,Site Visit,2026-05-20,Athletic facility tour,4
2764,334,2,Email,2025-05-25,Proposal follow-up email,4
2765,334,3,Email,2025-04-18,Sent birthday greeting,4
2766,334,4,Phone Call,2024-12-22,Introduced new initiative,4
2767,334,5,Email,2024-11-13,Sent birthday greeting,4
2768,334,6,Event Attendance,2024-07-17,Regional club event,4
2769,334,7,Portfolio Review,2024-02-08,Pre-ask strategy session,4
2770,334,8,Meeting,2023-10-30,Office visit,4
2771,334,9,Site Visit,2023-08-17,Toured new building,4
2772,334,10,Email,2023-07-18,Sent birthday greeting,4
2773,334,11,Site Visit,2023-01-31,Campus tour with family,4
2774,334,12,Phone Call,2023-01-06,Discussed pledge payment,4
2775,334,13,Meeting,2022-12-10,Discussed naming opportunity,4
2776,334,14,Portfolio Review,2022-11-06,Reviewed prospect strategy with team,4
2777,334,15,Meeting,2022-10-29,Initial in-person meeting,4
2778,335,1,Email,2025-10-11,Sent thank-you note,4
2779,335,2,Event Attendance,2025-05-12,Athletic event in donor suite,4
2780,335,3,Meeting,2025-04-20,Campus visit scheduled,4
2781,335,4,Email,2025-03-11,Annual fund solicitation,4
2782,335,5,Phone Call,2025-02-01,Brief check-in,4
2783,335,6,Portfolio Review,2024-08-30,Internal portfolio review,4
2784,335,7,Email,2023-07-29,Holiday greeting,4
2785,335,8,Phone Call,2023-05-14,Confirmed meeting time,4
2786,335,9,Phone Call,2022-10-23,Discussed pledge payment,4
2787,335,10,Event Attendance,2022-07-15,President's dinner,4
2788,336,1,Email,2025-02-07,Holiday greeting,4
2789,336,2,Email,2024-11-29,Sent thank-you note,4
2790,336,3,Portfolio Review,2024-11-16,Reviewed prospect strategy with team,4
2791,336,4,Portfolio Review,2024-09-07,Reviewed prospect strategy with team,4
2792,336,5,Site Visit,2024-01-19,Met scholarship recipient,4
2793,336,6,Site Visit,2023-09-28,Athletic facility tour,4
2794,336,7,Site Visit,2023-09-24,Visited endowed professorship,4
2795,336,8,Site Visit,2023-06-29,Toured new building,4
2796,336,9,Site Visit,2023-01-18,Toured new building,4
2797,336,10,Site Visit,2022-09-21,Met scholarship recipient,4
2798,337,1,Email,2026-04-12,Sent birthday greeting,4
2799,337,2,Event Attendance,2026-04-03,Alumni leadership weekend,4
2800,337,3,Phone Call,2025-08-08,Brief check-in,4
2801,337,4,Event Attendance,2025-04-02,Athletic event in donor suite,4
2802,337,5,Email,2025-03-20,Event invitation,4
2803,337,6,Meeting,2024-12-13,Met at alumni event,4
2804,337,7,Phone Call,2024-11-06,Introduced new initiative,4
2805,337,8,Portfolio Review,2024-09-25,Pre-ask strategy session,4
2806,337,9,Portfolio Review,2024-07-31,Discussed ask timing with director,4
2807,337,10,Site Visit,2024-04-17,Toured new building,4
2808,337,11,Portfolio Review,2024-03-29,Pre-ask strategy session,4
2809,337,12,Portfolio Review,2023-12-28,Solicitation debrief,4
2810,337,13,Site Visit,2023-10-29,Lab walkthrough with faculty,4
2811,337,14,Email,2022-09-04,Annual fund solicitation,4
2812,337,15,Event Attendance,2022-06-09,Commencement ceremony,4
2813,338,1,Event Attendance,2026-01-27,Advisory board meeting,4
2814,338,2,Site Visit,2025-10-26,Met scholarship recipient,4
2815,338,3,Meeting,2024-11-02,Initial in-person meeting,4
2816,338,4,Phone Call,2024-06-19,Solicitation follow-up,4
2817,338,5,Email,2022-10-20,Updated on campaign progress,4
2818,339,1,Email,2025-07-17,Annual fund solicitation,4
2819,339,2,Phone Call,2023-01-30,Called to share impact story,4
2820,340,1,Email,2025-01-04,Sent impact report,4
2821,340,2,Phone Call,2024-12-04,Solicitation follow-up,4
2822,340,3,Portfolio Review,2024-07-19,Solicitation debrief,4
2823,340,4,Portfolio Review,2023-12-06,Reviewed prospect strategy with team,4
2824,340,5,Email,2023-05-30,Forwarded dean's letter,4
2825,340,6,Portfolio Review,2023-04-28,Internal portfolio review,4
2826,340,7,Phone Call,2023-04-07,Introduced new initiative,4
2827,340,8,Site Visit,2023-03-06,Lab walkthrough with faculty,4
2828,340,9,Site Visit,2022-09-06,Met scholarship recipient,4
2829,341,1,Email,2025-04-09,Annual fund solicitation,4
2830,341,2,Portfolio Review,2024-12-07,Debrief after proposal conversation,4
2831,341,3,Phone Call,2022-08-03,Solicitation follow-up,4
2832,341,4,Portfolio Review,2022-06-10,Pre-ask strategy session,4
2833,342,1,Event Attendance,2026-04-18,Advisory board meeting,4
2834,342,2,Event Attendance,2026-03-17,Athletic event in donor suite,4
2835,342,3,Email,2026-02-12,Annual fund solicitation,4
2836,342,4,Email,2026-01-18,Event invitation,4
2837,342,5,Portfolio Review,2024-04-17,Debrief after proposal conversation,4
2838,342,6,Event Attendance,2024-03-01,Homecoming reception,4
2839,342,7,Event Attendance,2023-12-08,Homecoming reception,4
2840,342,8,Event Attendance,2023-08-29,President's dinner,4
2841,342,9,Event Attendance,2023-07-07,Homecoming reception,4
2842,342,10,Event Attendance,2023-06-04,Athletic event in donor suite,4
2843,342,11,Event Attendance,2023-03-20,Alumni leadership weekend,4
2844,343,1,Site Visit,2024-10-31,Arts center opening,4
2845,343,2,Phone Call,2023-12-21,Introduced new initiative,4
2846,343,3,Meeting,2023-10-11,Office visit,4
2847,343,4,Portfolio Review,2022-07-21,Discussed ask timing with director,4
2848,344,1,Phone Call,2026-05-08,Introduced new initiative,5
2849,344,2,Site Visit,2026-05-04,Lab walkthrough with faculty,5
2850,344,3,Email,2026-04-13,Shared news article of interest,5
2851,344,4,Event Attendance,2026-04-08,Advisory board meeting,5
2852,344,5,Event Attendance,2024-09-27,Athletic event in donor suite,5
2853,344,6,Portfolio Review,2024-03-14,Solicitation debrief,5
2854,344,7,Phone Call,2024-02-19,Brief check-in,5
2855,344,8,Email,2023-12-18,Annual fund solicitation,5
2856,344,9,Phone Call,2023-11-04,Left voicemail,5
2857,344,10,Phone Call,2023-06-06,Left voicemail,5
2858,344,11,Email,2023-03-01,Holiday greeting,5
2859,344,12,Meeting,2022-11-21,Coffee meeting downtown,5
2860,344,13,Event Attendance,2022-07-03,Attended gala,5
2861,345,1,Phone Call,2025-12-31,Left voicemail,5
2862,345,2,Email,2025-02-04,Holiday greeting,5
2863,345,3,Site Visit,2024-08-14,Met scholarship recipient,5
2864,345,4,Phone Call,2024-07-20,Left voicemail,5
2865,345,5,Email,2024-06-07,Sent impact report,5
2866,345,6,Phone Call,2023-05-11,Touched base on family news,5
2867,345,7,Meeting,2022-09-12,Discussed naming opportunity,5
2868,346,1,Site Visit,2026-02-10,Campus tour with family,5
2869,346,2,Phone Call,2025-03-20,Left voicemail,5
2870,346,3,Site Visit,2024-04-02,Athletic facility tour,5
2871,346,4,Meeting,2023-11-24,Lunch at faculty club,5
2872,346,5,Phone Call,2023-11-18,Called to share impact story,5
2873,347,1,Email,2025-11-17,Forwarded dean's letter,5
2874,347,2,Email,2025-09-17,Sent birthday greeting,5
2875,347,3,Meeting,2025-09-14,Initial in-person meeting,5
2876,347,4,Meeting,2025-06-22,Coffee meeting downtown,5
2877,347,5,Site Visit,2025-04-25,Visited endowed professorship,5
2878,347,6,Site Visit,2025-03-18,Campus tour with family,5
2879,347,7,Meeting,2025-03-17,Stewardship dinner,5
2880,347,8,Email,2024-08-11,Proposal follow-up email,5
2881,347,9,Meeting,2024-05-18,Discussed naming opportunity,5
2882,347,10,Portfolio Review,2024-01-22,Reviewed prospect strategy with team,5
2883,347,11,Phone Call,2023-08-24,Solicitation follow-up,5
2884,347,12,Portfolio Review,2023-07-18,Solicitation debrief,5
2885,347,13,Site Visit,2023-06-29,Campus tour with family,5
2886,347,14,Meeting,2022-12-30,Discovery meeting,5
2887,348,1,Email,2026-05-03,Sent thank-you note,5
2888,348,2,Event Attendance,2026-03-03,Commencement ceremony,5
2889,348,3,Phone Call,2026-02-18,Confirmed meeting time,5
2890,348,4,Phone Call,2026-01-16,Discussed pledge payment,5
2891,348,5,Event Attendance,2025-09-01,President's dinner,5
2892,348,6,Portfolio Review,2025-08-07,Strategy call with leadership,5
2893,348,7,Portfolio Review,2025-08-06,Internal portfolio review,5
2894,348,8,Email,2025-07-07,Event invitation,5
2895,348,9,Phone Call,2025-05-23,Check-in call,5
2896,348,10,Site Visit,2025-03-18,Lab walkthrough with faculty,5
2897,348,11,Email,2024-12-28,Updated on campaign progress,5
2898,348,12,Portfolio Review,2024-07-28,Reviewed prospect strategy with team,5
2899,348,13,Email,2023-10-02,Annual fund solicitation,5
2900,348,14,Email,2023-06-24,Sent impact report,5
2901,348,15,Meeting,2023-03-22,Stewardship dinner,5
2902,348,16,Meeting,2023-01-16,Initial in-person meeting,5
2903,348,17,Meeting,2022-10-04,Year-end thank-you lunch,5
2904,348,18,Phone Call,2022-09-06,Confirmed meeting time,5
2905,348,19,Meeting,2022-06-28,Follow-up meeting re: proposal,5
2906,349,1,Site Visit,2026-04-21,Visited endowed professorship,5
2907,349,2,Event Attendance,2026-01-06,Athletic event in donor suite,5
2908,349,3,Phone Call,2025-11-14,Brief check-in,5
2909,349,4,Portfolio Review,2025-10-28,Debrief after proposal conversation,5
2910,349,5,Email,2025-10-03,Forwarded dean's letter,5
2911,349,6,Site Visit,2025-07-02,Met scholarship recipient,5
2912,349,7,Phone Call,2025-06-08,Introduced new initiative,5
2913,349,8,Portfolio Review,2025-02-19,Discussed ask timing with director,5
2914,349,9,Email,2024-06-06,Annual fund solicitation,5
2915,349,10,Portfolio Review,2024-01-13,Solicitation debrief,5
2916,349,11,Meeting,2023-10-13,Initial in-person meeting,5
2917,349,12,Site Visit,2023-09-20,Arts center opening,5
2918,349,13,Event Attendance,2023-06-11,Alumni leadership weekend,5
2919,349,14,Phone Call,2023-01-12,Left voicemail,5
2920,350,1,Portfolio Review,2025-12-04,Pre-ask strategy session,5
2921,350,2,Email,2025-11-08,Annual fund solicitation,5
2922,350,3,Meeting,2025-08-29,Met at alumni event,5
2923,350,4,Phone Call,2025-08-02,Call re: event invitation,5
2924,350,5,Phone Call,2025-02-14,Call re: event invitation,5
2925,350,6,Email,2022-09-09,Forwarded dean's letter,5
2926,351,1,Meeting,2026-03-12,Met at alumni event,5
2927,351,2,Phone Call,2025-08-25,Check-in call,5
2928,351,3,Phone Call,2025-07-28,Check-in call,5
2929,351,4,Phone Call,2024-11-21,Discussed pledge payment,5
2930,351,5,Site Visit,2024-07-19,Met scholarship recipient,5
2931,351,6,Meeting,2024-04-14,Met spouse for first time,5
2932,351,7,Site Visit,2024-03-24,Campus tour with family,5
2933,351,8,Email,2024-01-08,Shared news article of interest,5
2934,351,9,Portfolio Review,2023-06-28,Strategy call with leadership,5
2935,351,10,Event Attendance,2023-06-22,Commencement ceremony,5
2936,351,11,Site Visit,2023-02-24,Lab walkthrough with faculty,5
2937,351,12,Site Visit,2023-02-20,Athletic facility tour,5
2938,351,13,Email,2023-01-28,Sent birthday greeting,5
2939,351,14,Site Visit,2022-11-04,Toured new building,5
2940,351,15,Portfolio Review,2022-09-05,Reviewed prospect strategy with team,5
2941,352,1,Meeting,2025-11-05,Stewardship dinner,5
2942,352,2,Site Visit,2025-05-05,Arts center opening,5
2943,352,3,Meeting,2024-12-15,Follow-up meeting re: proposal,5
2944,352,4,Phone Call,2024-11-29,Solicitation follow-up,5
2945,352,5,Phone Call,2024-06-30,Touched base on family news,5
2946,352,6,Meeting,2024-06-30,Lunch at faculty club,5
2947,352,7,Event Attendance,2024-06-22,Regional club event,5
2948,352,8,Phone Call,2024-06-19,Introduced new initiative,5
2949,352,9,Email,2023-10-30,Forwarded dean's letter,5
2950,352,10,Site Visit,2023-08-27,Athletic facility tour,5
2951,352,11,Meeting,2023-07-03,Follow-up meeting re: proposal,5
2952,352,12,Phone Call,2023-06-23,Confirmed meeting time,5
2953,352,13,Event Attendance,2023-04-23,Alumni leadership weekend,5
2954,352,14,Phone Call,2022-09-01,Left voicemail,5
2955,352,15,Meeting,2022-08-22,Met at alumni event,5
2956,353,1,Phone Call,2024-05-27,Brief check-in,5
2957,353,2,Event Attendance,2023-06-10,Campaign kickoff event,5
2958,353,3,Meeting,2023-01-07,Follow-up meeting re: proposal,5
2959,354,1,Phone Call,2025-10-28,Discussed pledge payment,5
2960,354,2,Event Attendance,2025-06-30,Commencement ceremony,5
2961,354,3,Phone Call,2025-06-16,Call re: event invitation,5
2962,354,4,Meeting,2025-06-14,Discussed naming opportunity,5
2963,354,5,Email,2025-02-04,Updated on campaign progress,5
2964,354,6,Event Attendance,2024-04-15,Commencement ceremony,5
2965,354,7,Site Visit,2023-05-30,Campus tour with family,5
2966,354,8,Email,2023-05-13,Holiday greeting,5
2967,354,9,Portfolio Review,2022-12-02,Reviewed prospect strategy with team,5
2968,354,10,Meeting,2022-10-30,Lunch at faculty club,5
2969,354,11,Email,2022-10-29,Sent birthday greeting,5
2970,354,12,Portfolio Review,2022-07-28,Reviewed prospect strategy with team,5
2971,354,13,Phone Call,2022-07-01,Brief check-in,5
2972,355,1,Phone Call,2026-01-20,Left voicemail,5
2973,355,2,Site Visit,2026-01-05,Visited endowed professorship,5
2974,355,3,Phone Call,2025-08-07,Confirmed meeting time,5
2975,355,4,Site Visit,2025-07-31,Athletic facility tour,5
2976,355,5,Phone Call,2024-02-01,Left voicemail,5
2977,355,6,Email,2023-09-10,Event invitation,5
2978,356,1,Site Visit,2025-09-11,Lab walkthrough with faculty,5
2979,356,2,Portfolio Review,2025-08-07,Reviewed prospect strategy with team,5
2980,356,3,Email,2025-07-15,Sent impact report,5
2981,356,4,Portfolio Review,2025-03-26,Debrief after proposal conversation,5
2982,356,5,Event Attendance,2024-11-02,Regional club event,5
2983,356,6,Event Attendance,2024-02-19,Homecoming reception,5
2984,356,7,Portfolio Review,2023-02-07,Discussed ask timing with director,5
2985,356,8,Site Visit,2022-08-14,Lab walkthrough with faculty,5
2986,357,1,Site Visit,2026-02-27,Campus tour with family,5
2987,357,2,Event Attendance,2025-12-28,President's dinner,5
2988,357,3,Portfolio Review,2025-10-02,Solicitation debrief,5
2989,357,4,Site Visit,2025-09-08,Visited endowed professorship,5
2990,357,5,Email,2025-07-11,Shared news article of interest,5
2991,357,6,Event Attendance,2024-12-14,Homecoming reception,5
2992,357,7,Meeting,2024-11-10,Year-end thank-you lunch,5
2993,357,8,Event Attendance,2024-09-17,Advisory board meeting,5
2994,357,9,Phone Call,2024-06-21,Touched base on family news,5
2995,357,10,Portfolio Review,2024-03-31,Pre-ask strategy session,5
2996,357,11,Site Visit,2023-12-06,Toured new building,5
2997,357,12,Portfolio Review,2023-11-03,Debrief after proposal conversation,5
2998,357,13,Email,2023-05-09,Proposal follow-up email,5
2999,357,14,Email,2022-12-19,Sent birthday greeting,5
3000,357,15,Email,2022-11-15,Updated on campaign progress,5
3001,358,1,Event Attendance,2026-04-25,Commencement ceremony,5
3002,358,2,Event Attendance,2025-12-02,Campaign kickoff event,5
3003,358,3,Portfolio Review,2025-10-26,Pre-ask strategy session,5
3004,358,4,Meeting,2025-10-21,Met spouse for first time,5
3005,358,5,Meeting,2025-02-22,Met spouse for first time,5
3006,358,6,Portfolio Review,2025-01-09,Debrief after proposal conversation,5
3007,358,7,Event Attendance,2024-12-23,Homecoming reception,5
3008,358,8,Meeting,2024-11-23,Met at alumni event,5
3009,358,9,Email,2024-05-21,Annual fund solicitation,5
3010,358,10,Portfolio Review,2023-12-15,Solicitation debrief,5
3011,358,11,Event Attendance,2023-08-31,Commencement ceremony,5
3012,358,12,Site Visit,2023-08-26,Arts center opening,5
3013,358,13,Portfolio Review,2023-08-12,Debrief after proposal conversation,5
3014,358,14,Email,2023-03-30,Forwarded dean's letter,5
3015,358,15,Site Visit,2023-02-07,Athletic facility tour,5
3016,358,16,Event Attendance,2023-01-27,Attended gala,5
3017,358,17,Site Visit,2022-08-27,Visited endowed professorship,5
3018,358,18,Portfolio Review,2022-05-31,Solicitation debrief,5
3019,359,1,Meeting,2026-03-30,Campus visit scheduled,5
3020,359,2,Email,2025-05-16,Event invitation,5
3021,359,3,Email,2025-03-05,Updated on campaign progress,5
3022,359,4,Meeting,2023-03-17,Year-end thank-you lunch,5
3023,359,5,Site Visit,2022-08-20,Visited endowed professorship,5
3024,360,1,Phone Call,2024-06-16,Call re: event invitation,5
3025,360,2,Site Visit,2024-05-30,Visited endowed professorship,5
3026,360,3,Meeting,2024-05-17,Stewardship dinner,5
3027,360,4,Site Visit,2022-07-23,Arts center opening,5
3028,361,1,Portfolio Review,2025-06-27,Reviewed prospect strategy with team,5
3029,361,2,Portfolio Review,2025-03-19,Pre-ask strategy session,5
3030,361,3,Email,2023-04-27,Holiday greeting,5
3031,361,4,Site Visit,2023-04-04,Visited endowed professorship,5
3032,362,1,Event Attendance,2024-07-07,Campaign kickoff event,5
3033,362,2,Portfolio Review,2024-05-31,Strategy call with leadership,5
3034,363,1,Portfolio Review,2025-10-26,Debrief after proposal conversation,5
3035,363,2,Portfolio Review,2024-09-02,Pre-ask strategy session,5
3036,363,3,Email,2024-08-11,Annual fund solicitation,5
3037,364,1,Phone Call,2025-06-29,Introduced new initiative,5
3038,364,2,Meeting,2025-05-05,Lunch at faculty club,5
3039,364,3,Phone Call,2025-04-02,Brief check-in,5
3040,364,4,Email,2024-11-25,Sent birthday greeting,5
3041,364,5,Portfolio Review,2024-06-30,Solicitation debrief,5
3042,364,6,Event Attendance,2024-06-02,Regional club event,5
3043,364,7,Event Attendance,2024-05-11,Campaign kickoff event,5
3044,364,8,Phone Call,2024-03-29,Confirmed meeting time,5
3045,364,9,Event Attendance,2023-12-07,Homecoming reception,5
3046,364,10,Phone Call,2023-08-31,Solicitation follow-up,5
3047,364,11,Meeting,2022-10-20,Year-end thank-you lunch,5
3048,364,12,Event Attendance,2022-06-03,Commencement ceremony,5
3049,365,1,Event Attendance,2025-10-21,Homecoming reception,5
3050,365,2,Email,2025-08-22,Shared news article of interest,5
3051,365,3,Site Visit,2025-07-27,Visited endowed professorship,5
3052,365,4,Meeting,2024-09-27,Met at alumni event,5
3053,365,5,Event Attendance,2024-06-24,President's dinner,5
3054,365,6,Portfolio Review,2024-05-27,Reviewed prospect strategy with team,5
3055,365,7,Meeting,2024-03-24,Initial in-person meeting,5
3056,365,8,Phone Call,2024-02-29,Left voicemail,5
3057,365,9,Phone Call,2023-05-26,Left voicemail,5
3058,366,1,Event Attendance,2026-04-26,Alumni leadership weekend,5
3059,366,2,Site Visit,2026-04-09,Lab walkthrough with faculty,5
3060,366,3,Event Attendance,2025-07-28,Commencement ceremony,5
3061,366,4,Portfolio Review,2025-03-05,Discussed ask timing with director,5
3062,366,5,Site Visit,2025-01-07,Arts center opening,5
3063,366,6,Email,2024-09-21,Sent thank-you note,5
3064,366,7,Email,2024-01-24,Updated on campaign progress,5
3065,366,8,Email,2023-12-05,Sent thank-you note,5
3066,366,9,Phone Call,2023-09-05,Introduced new initiative,5
3067,366,10,Event Attendance,2023-04-08,Advisory board meeting,5
3068,366,11,Meeting,2022-12-15,Year-end thank-you lunch,5
3069,366,12,Phone Call,2022-10-03,Introduced new initiative,5
3070,367,1,Email,2025-11-05,Event invitation,5
3071,367,2,Event Attendance,2025-08-31,Alumni leadership weekend,5
3072,367,3,Portfolio Review,2023-09-20,Reviewed prospect strategy with team,5
3073,367,4,Portfolio Review,2023-07-17,Solicitation debrief,5
3074,367,5,Portfolio Review,2023-05-21,Discussed ask timing with director,5
3075,367,6,Phone Call,2023-05-15,Touched base on family news,5
3076,367,7,Email,2023-02-21,Annual fund solicitation,5
3077,367,8,Meeting,2022-06-01,Initial in-person meeting,5
3078,368,1,Portfolio Review,2026-04-06,Internal portfolio review,5
3079,368,2,Meeting,2026-01-24,Campus visit scheduled,5
3080,368,3,Email,2026-01-09,Event invitation,5
3081,368,4,Portfolio Review,2025-06-05,Reviewed prospect strategy with team,5
3082,368,5,Event Attendance,2024-06-09,Regional club event,5
3083,368,6,Portfolio Review,2023-12-10,Debrief after proposal conversation,5
3084,368,7,Portfolio Review,2023-12-07,Discussed ask timing with director,5
3085,368,8,Site Visit,2023-11-15,Campus tour with family,5
3086,368,9,Portfolio Review,2023-09-18,Strategy call with leadership,5
3087,368,10,Phone Call,2023-08-07,Confirmed meeting time,5
3088,368,11,Phone Call,2023-04-03,Touched base on family news,5
3089,368,12,Email,2023-04-01,Sent birthday greeting,5
3090,368,13,Portfolio Review,2023-01-27,Solicitation debrief,5
3091,368,14,Email,2022-09-28,Sent thank-you note,5
3092,369,1,Event Attendance,2023-03-11,Commencement ceremony,5
3093,370,1,Email,2023-05-12,Sent impact report,5
3094,370,2,Event Attendance,2023-02-05,Attended gala,5
3095,370,3,Portfolio Review,2022-07-26,Strategy call with leadership,5
3096,371,1,Meeting,2026-01-11,Campus visit scheduled,5
3097,371,2,Site Visit,2025-12-27,Arts center opening,5
3098,371,3,Meeting,2025-09-18,Stewardship dinner,5
3099,371,4,Meeting,2025-06-25,Lunch at faculty club,5
3100,371,5,Site Visit,2025-05-19,Athletic facility tour,5
3101,371,6,Portfolio Review,2025-05-15,Solicitation debrief,5
3102,371,7,Site Visit,2025-04-18,Visited endowed professorship,5
3103,371,8,Site Visit,2024-12-28,Campus tour with family,5
3104,371,9,Portfolio Review,2024-01-25,Pre-ask strategy session,5
3105,371,10,Phone Call,2023-06-02,Introduced new initiative,5
3106,371,11,Phone Call,2023-02-03,Solicitation follow-up,5
3107,371,12,Email,2023-01-06,Sent thank-you note,5
3108,371,13,Phone Call,2022-12-11,Confirmed meeting time,5
3109,372,1,Portfolio Review,2025-11-17,Debrief after proposal conversation,5
3110,372,2,Email,2025-05-09,Forwarded dean's letter,5
3111,372,3,Meeting,2025-04-06,Follow-up meeting re: proposal,5
3112,372,4,Email,2025-02-11,Sent impact report,5
3113,372,5,Event Attendance,2024-12-04,Attended gala,5
3114,372,6,Event Attendance,2024-06-01,Attended gala,5
3115,372,7,Portfolio Review,2024-02-19,Reviewed prospect strategy with team,5
3116,372,8,Meeting,2023-08-02,Office visit,5
3117,372,9,Meeting,2022-10-04,Follow-up meeting re: proposal,5
3118,373,1,Event Attendance,2026-05-12,Advisory board meeting,5
3119,373,2,Meeting,2026-03-26,Office visit,5
3120,373,3,Phone Call,2024-09-01,Brief check-in,5
3121,373,4,Site Visit,2024-07-21,Lab walkthrough with faculty,5
3122,373,5,Event Attendance,2024-03-25,Alumni leadership weekend,5
3123,374,1,Phone Call,2025-11-04,Brief check-in,5
3124,374,2,Email,2022-07-22,Annual fund solicitation,5
3125,375,1,Event Attendance,2026-03-20,Attended gala,5
3126,375,2,Event Attendance,2025-07-21,Homecoming reception,5
3127,375,3,Email,2025-05-23,Proposal follow-up email,5
3128,375,4,Meeting,2023-12-01,Stewardship dinner,5
3129,375,5,Portfolio Review,2023-11-22,Internal portfolio review,5
3130,375,6,Event Attendance,2023-07-17,Campaign kickoff event,5
3131,375,7,Phone Call,2022-06-05,Solicitation follow-up,5
3132,376,1,Phone Call,2026-01-07,Introduced new initiative,5
3133,376,2,Phone Call,2025-09-25,Left voicemail,5
3134,376,3,Site Visit,2025-07-08,Lab walkthrough with faculty,5
3135,376,4,Site Visit,2025-04-21,Toured new building,5
3136,376,5,Email,2024-06-30,Sent impact report,5
3137,376,6,Site Visit,2024-06-28,Visited endowed professorship,5
3138,376,7,Portfolio Review,2024-03-16,Solicitation debrief,5
3139,376,8,Event Attendance,2023-11-16,Homecoming reception,5
3140,376,9,Event Attendance,2023-11-02,Homecoming reception,5
3141,376,10,Portfolio Review,2023-04-25,Solicitation debrief,5
3142,376,11,Email,2023-04-12,Sent birthday greeting,5
3143,376,12,Event Attendance,2023-01-02,Campaign kickoff event,5
3144,376,13,Event Attendance,2022-12-13,Commencement ceremony,5
3145,376,14,Event Attendance,2022-09-11,Alumni leadership weekend,5
3146,376,15,Email,2022-08-21,Sent thank-you note,5
3147,377,1,Site Visit,2025-04-11,Campus tour with family,5
3148,377,2,Site Visit,2024-09-29,Toured new building,5
3149,377,3,Site Visit,2023-12-30,Toured new building,5
3150,377,4,Site Visit,2023-11-16,Toured new building,5
3151,377,5,Email,2022-11-16,Sent birthday greeting,5
3152,378,1,Email,2026-02-25,Annual fund solicitation,5
3153,378,2,Portfolio Review,2026-01-29,Discussed ask timing with director,5
3154,378,3,Event Attendance,2025-11-20,President's dinner,5
3155,378,4,Portfolio Review,2025-05-01,Reviewed prospect strategy with team,5
3156,378,5,Portfolio Review,2024-10-10,Debrief after proposal conversation,5
3157,378,6,Event Attendance,2024-09-02,Attended gala,5
3158,378,7,Meeting,2024-03-16,Discovery meeting,5
3159,378,8,Site Visit,2023-08-06,Lab walkthrough with faculty,5
3160,378,9,Email,2023-06-06,Sent birthday greeting,5
3161,378,10,Meeting,2022-12-20,Campus visit scheduled,5
3162,378,11,Site Visit,2022-07-21,Arts center opening,5
3163,378,12,Event Attendance,2022-06-20,Campaign kickoff event,5
3164,379,1,Phone Call,2026-02-19,Solicitation follow-up,5
3165,379,2,Site Visit,2024-04-22,Lab walkthrough with faculty,5
3166,379,3,Phone Call,2023-07-15,Introduced new initiative,5
3167,379,4,Meeting,2022-07-27,Year-end thank-you lunch,5
3168,379,5,Phone Call,2022-06-20,Touched base on family news,5
3169,380,1,Meeting,2026-04-20,Discovery meeting,5
3170,380,2,Meeting,2026-02-18,Met at alumni event,5
3171,380,3,Portfolio Review,2025-03-26,Strategy call with leadership,5
3172,380,4,Email,2024-03-31,Holiday greeting,5
3173,380,5,Site Visit,2023-03-09,Visited endowed professorship,5
3174,380,6,Phone Call,2022-12-13,Introduced new initiative,5
3175,380,7,Site Visit,2022-10-18,Toured new building,5
3176,380,8,Phone Call,2022-07-10,Discussed pledge payment,5
3177,381,1,Portfolio Review,2025-03-28,Debrief after proposal conversation,5
3178,381,2,Site Visit,2025-01-02,Visited endowed professorship,5
3179,381,3,Site Visit,2024-12-09,Campus tour with family,5
3180,381,4,Email,2024-11-09,Shared news article of interest,5
3181,381,5,Site Visit,2024-08-25,Met scholarship recipient,5
3182,381,6,Event Attendance,2024-02-03,Attended gala,5
3183,381,7,Portfolio Review,2024-01-07,Solicitation debrief,5
3184,381,8,Site Visit,2023-03-10,Toured new building,5
3185,381,9,Portfolio Review,2022-11-25,Strategy call with leadership,5
3186,381,10,Site Visit,2022-11-16,Lab walkthrough with faculty,5
3187,381,11,Portfolio Review,2022-09-21,Solicitation debrief,5
3188,381,12,Phone Call,2022-08-21,Solicitation follow-up,5
3189,381,13,Portfolio Review,2022-07-28,Debrief after proposal conversation,5
3190,381,14,Meeting,2022-05-28,Office visit,5
3191,382,1,Email,2026-01-05,Annual fund solicitation,5
3192,382,2,Email,2025-06-13,Event invitation,5
3193,382,3,Meeting,2025-05-11,Discussed naming opportunity,5
3194,382,4,Phone Call,2024-12-12,Solicitation follow-up,5
3195,382,5,Event Attendance,2024-10-15,Athletic event in donor suite,5
3196,382,6,Phone Call,2024-10-12,Discussed pledge payment,5
3197,382,7,Event Attendance,2024-07-20,Attended gala,5
3198,382,8,Site Visit,2024-02-26,Campus tour with family,5
3199,382,9,Meeting,2023-05-19,Lunch at faculty club,5
3200,382,10,Phone Call,2023-05-18,Check-in call,5
3201,382,11,Site Visit,2022-07-27,Lab walkthrough with faculty,5
3202,382,12,Meeting,2022-06-28,Year-end thank-you lunch,5
3203,383,1,Site Visit,2025-08-02,Athletic facility tour,5
3204,383,2,Meeting,2025-01-11,Campus visit scheduled,5
3205,383,3,Event Attendance,2024-04-22,Alumni leadership weekend,5
3206,383,4,Phone Call,2023-12-11,Introduced new initiative,5
3207,383,5,Meeting,2023-12-06,Met spouse for first time,5
3208,383,6,Meeting,2022-12-08,Office visit,5
3209,384,1,Email,2025-05-27,Forwarded dean's letter,5
3210,384,2,Phone Call,2024-12-24,Check-in call,5
3211,385,1,Phone Call,2026-01-11,Discussed pledge payment,5
3212,385,2,Portfolio Review,2025-07-12,Internal portfolio review,5
3213,385,3,Email,2024-10-01,Forwarded dean's letter,5
3214,385,4,Meeting,2024-04-03,Initial in-person meeting,5
3215,385,5,Meeting,2023-07-21,Met at alumni event,5
3216,386,1,Event Attendance,2026-01-25,Campaign kickoff event,5
3217,386,2,Meeting,2026-01-08,Met spouse for first time,5
3218,386,3,Portfolio Review,2025-10-05,Internal portfolio review,5
3219,386,4,Portfolio Review,2025-08-01,Reviewed prospect strategy with team,5
3220,386,5,Email,2025-06-26,Sent impact report,5
3221,386,6,Phone Call,2024-10-09,Solicitation follow-up,5
3222,386,7,Portfolio Review,2024-08-09,Internal portfolio review,5
3223,386,8,Meeting,2024-02-02,Discussed naming opportunity,5
3224,386,9,Meeting,2023-06-04,Met spouse for first time,5
3225,386,10,Meeting,2023-04-27,Discussed naming opportunity,5
3226,386,11,Event Attendance,2023-04-07,Homecoming reception,5
3227,386,12,Phone Call,2022-07-19,Check-in call,5
3228,387,1,Portfolio Review,2026-04-11,Strategy call with leadership,5
3229,387,2,Site Visit,2025-12-21,Athletic facility tour,5
3230,387,3,Portfolio Review,2023-04-30,Pre-ask strategy session,5
3231,388,1,Site Visit,2022-12-07,Campus tour with family,5
3232,388,2,Portfolio Review,2022-07-17,Internal portfolio review,5
3233,389,1,Site Visit,2024-12-25,Lab walkthrough with faculty,5
3234,389,2,Site Visit,2024-06-14,Athletic facility tour,5
3235,389,3,Email,2023-11-02,Shared news article of interest,5
3236,389,4,Phone Call,2022-12-14,Call re: event invitation,5
3237,389,5,Portfolio Review,2022-10-26,Solicitation debrief,5
3238,390,1,Email,2025-06-27,Sent impact report,5
3239,390,2,Site Visit,2024-12-11,Visited endowed professorship,5
3240,390,3,Email,2024-03-17,Holiday greeting,5
3241,391,1,Site Visit,2025-02-11,Lab walkthrough with faculty,5
3242,391,2,Portfolio Review,2024-02-01,Reviewed prospect strategy with team,5
3243,391,3,Phone Call,2023-10-23,Confirmed meeting time,5
3244,391,4,Site Visit,2023-05-09,Campus tour with family,5
3245,391,5,Site Visit,2022-05-27,Arts center opening,5
3246,392,1,Phone Call,2025-08-22,Left voicemail,5
3247,392,2,Event Attendance,2025-03-26,Alumni leadership weekend,5
3248,392,3,Portfolio Review,2025-01-03,Solicitation debrief,5
3249,392,4,Event Attendance,2024-07-23,Advisory board meeting,5
3250,392,5,Site Visit,2024-06-29,Athletic facility tour,5
3251,392,6,Site Visit,2024-05-07,Met scholarship recipient,5
3252,392,7,Portfolio Review,2024-03-17,Reviewed prospect strategy with team,5
3253,392,8,Phone Call,2024-02-25,Confirmed meeting time,5
3254,392,9,Phone Call,2023-11-24,Touched base on family news,5
3255,392,10,Meeting,2023-10-15,Follow-up meeting re: proposal,5
3256,392,11,Portfolio Review,2023-06-01,Pre-ask strategy session,5
3257,392,12,Email,2022-08-28,Annual fund solicitation,5
3258,393,1,Site Visit,2026-02-06,Toured new building,5
3259,393,2,Portfolio Review,2025-07-05,Internal portfolio review,5
3260,393,3,Site Visit,2025-05-17,Athletic facility tour,5
3261,393,4,Portfolio Review,2025-04-08,Internal portfolio review,5
3262,393,5,Email,2025-03-03,Annual fund solicitation,5
3263,393,6,Phone Call,2024-06-29,Confirmed meeting time,5
3264,393,7,Event Attendance,2024-03-25,Alumni leadership weekend,5
3265,393,8,Phone Call,2023-12-19,Confirmed meeting time,5
3266,393,9,Email,2023-06-27,Forwarded dean's letter,5
3267,393,10,Phone Call,2023-04-18,Discussed pledge payment,5
3268,393,11,Site Visit,2022-09-09,Met scholarship recipient,5
3269,394,1,Meeting,2023-05-31,Campus visit scheduled,5
3270,394,2,Meeting,2022-12-14,Lunch at faculty club,5
3271,394,3,Meeting,2022-11-12,Coffee meeting downtown,5
3272,395,1,Phone Call,2026-02-02,Discussed pledge payment,5
3273,395,2,Phone Call,2025-11-18,Call re: event invitation,5
3274,395,3,Meeting,2024-08-18,Stewardship dinner,5
3275,395,4,Event Attendance,2024-07-12,Advisory board meeting,5
3276,395,5,Event Attendance,2024-05-21,Athletic event in donor suite,5
3277,396,1,Meeting,2025-05-28,Follow-up meeting re: proposal,5
3278,396,2,Phone Call,2024-10-05,Discussed pledge payment,5
3279,396,3,Phone Call,2024-09-07,Confirmed meeting time,5
3280,396,4,Meeting,2024-06-27,Follow-up meeting re: proposal,5
3281,396,5,Event Attendance,2022-06-11,Commencement ceremony,5
3282,397,1,Phone Call,2024-10-23,Solicitation follow-up,5
3283,397,2,Portfolio Review,2023-10-03,Internal portfolio review,5
3284,397,3,Site Visit,2023-04-16,Toured new building,5
3285,397,4,Meeting,2023-03-28,Office visit,5
3286,397,5,Site Visit,2022-11-11,Campus tour with family,5
3287,397,6,Site Visit,2022-07-08,Campus tour with family,5
3288,397,7,Phone Call,2022-06-18,Check-in call,5
3289,398,1,Site Visit,2025-05-14,Toured new building,5
3290,398,2,Site Visit,2024-05-09,Arts center opening,5
3291,398,3,Event Attendance,2023-11-30,Advisory board meeting,5
3292,398,4,Email,2023-03-07,Event invitation,5
3293,398,5,Email,2023-02-09,Event invitation,5
3294,398,6,Phone Call,2022-07-12,Discussed pledge payment,5
3295,399,1,Site Visit,2025-12-02,Toured new building,5
3296,399,2,Event Attendance,2025-10-06,Commencement ceremony,5
3297,399,3,Phone Call,2025-07-19,Introduced new initiative,5
3298,399,4,Email,2025-04-13,Shared news article of interest,5
3299,399,5,Event Attendance,2024-09-30,Regional club event,5
3300,399,6,Event Attendance,2024-09-14,Attended gala,5
3301,399,7,Site Visit,2024-08-03,Met scholarship recipient,5
3302,399,8,Phone Call,2024-05-25,Check-in call,5
3303,399,9,Portfolio Review,2024-03-06,Internal portfolio review,5
3304,399,10,Portfolio Review,2023-01-03,Reviewed prospect strategy with team,5
3305,399,11,Email,2022-10-31,Forwarded dean's letter,5
3306,399,12,Site Visit,2022-08-21,Met scholarship recipient,5
3307,399,13,Meeting,2022-08-03,Discovery meeting,5
3308,399,14,Portfolio Review,2022-05-26,Strategy call with leadership,5
3309,400,1,Email,2025-12-08,Sent birthday greeting,5
3310,400,2,Meeting,2023-10-26,Office visit,5
3311,400,3,Event Attendance,2022-09-09,Attended gala,5
3312,401,1,Site Visit,2026-04-12,Toured new building,5
3313,401,2,Portfolio Review,2025-04-08,Solicitation debrief,5
3314,401,3,Email,2024-09-09,Updated on campaign progress,5
3315,401,4,Email,2024-04-03,Sent thank-you note,5
3316,401,5,Event Attendance,2024-04-02,Commencement ceremony,5
3317,401,6,Site Visit,2023-10-02,Arts center opening,5
3318,402,1,Meeting,2025-08-23,Initial in-person meeting,5
3319,402,2,Portfolio Review,2025-04-21,Debrief after proposal conversation,5
3320,402,3,Portfolio Review,2024-12-02,Reviewed prospect strategy with team,5
3321,402,4,Event Attendance,2024-11-21,Homecoming reception,5
3322,402,5,Meeting,2024-10-22,Office visit,5
3323,402,6,Meeting,2024-06-11,Met at alumni event,5
3324,402,7,Meeting,2023-08-24,Office visit,5
3325,402,8,Email,2023-04-16,Event invitation,5
3326,403,1,Event Attendance,2026-05-02,Homecoming reception,5
3327,403,2,Phone Call,2026-04-24,Brief check-in,5
3328,403,3,Portfolio Review,2025-12-18,Strategy call with leadership,5
3329,403,4,Site Visit,2025-11-24,Arts center opening,5
3330,403,5,Email,2025-01-21,Event invitation,5
3331,403,6,Event Attendance,2024-06-22,Homecoming reception,5
3332,403,7,Meeting,2023-03-07,Year-end thank-you lunch,5
3333,404,1,Meeting,2025-12-06,Discussed naming opportunity,5
3334,404,2,Portfolio Review,2025-11-15,Internal portfolio review,5
3335,404,3,Phone Call,2025-11-15,Check-in call,5
3336,404,4,Portfolio Review,2025-05-06,Debrief after proposal conversation,5
3337,404,5,Site Visit,2025-04-08,Met scholarship recipient,5
3338,405,1,Phone Call,2026-01-16,Called to share impact story,5
3339,405,2,Meeting,2025-05-05,Lunch at faculty club,5
3340,405,3,Phone Call,2025-04-22,Left voicemail,5
3341,405,4,Email,2025-04-12,Holiday greeting,5
3342,405,5,Event Attendance,2024-10-09,Alumni leadership weekend,5
3343,405,6,Portfolio Review,2023-11-27,Debrief after proposal conversation,5
3344,405,7,Portfolio Review,2023-10-04,Strategy call with leadership,5
3345,405,8,Meeting,2023-09-20,Met at alumni event,5
3346,405,9,Phone Call,2023-08-11,Introduced new initiative,5
3347,405,10,Phone Call,2023-06-02,Discussed pledge payment,5
3348,405,11,Site Visit,2023-01-25,Arts center opening,5
3349,405,12,Event Attendance,2022-12-29,Regional club event,5
3350,405,13,Event Attendance,2022-08-06,Commencement ceremony,5
3351,405,14,Event Attendance,2022-06-05,Regional club event,5
3352,405,15,Phone Call,2022-06-01,Confirmed meeting time,5
3353,406,1,Event Attendance,2025-01-13,Attended gala,5
3354,406,2,Portfolio Review,2024-06-14,Solicitation debrief,5
3355,407,1,Meeting,2025-06-25,Coffee meeting downtown,5
3356,407,2,Meeting,2024-10-22,Initial in-person meeting,5
3357,408,1,Site Visit,2026-01-18,Toured new building,5
3358,408,2,Portfolio Review,2022-11-29,Strategy call with leadership,5
3359,409,1,Email,2026-04-27,Sent birthday greeting,5
3360,409,2,Portfolio Review,2026-01-07,Internal portfolio review,5
3361,409,3,Phone Call,2025-11-22,Brief check-in,5
3362,409,4,Phone Call,2024-11-30,Check-in call,5
3363,409,5,Portfolio Review,2024-09-14,Reviewed prospect strategy with team,5
3364,409,6,Site Visit,2024-08-07,Campus tour with family,5
3365,409,7,Site Visit,2024-08-06,Met scholarship recipient,5
3366,409,8,Site Visit,2024-05-18,Campus tour with family,5
3367,409,9,Site Visit,2024-05-11,Campus tour with family,5
3368,409,10,Phone Call,2024-04-23,Discussed pledge payment,5
3369,409,11,Portfolio Review,2023-11-20,Strategy call with leadership,5
3370,409,12,Site Visit,2023-11-10,Campus tour with family,5
3371,409,13,Meeting,2023-09-11,Office visit,5
3372,409,14,Email,2023-08-24,Updated on campaign progress,5
3373,409,15,Portfolio Review,2023-08-02,Internal portfolio review,5
3374,409,16,Site Visit,2023-03-13,Met scholarship recipient,5
3375,409,17,Meeting,2023-02-02,Discussed naming opportunity,5
3376,409,18,Portfolio Review,2022-12-28,Internal portfolio review,5
3377,409,19,Phone Call,2022-08-09,Brief check-in,5
3378,409,20,Phone Call,2022-08-02,Left voicemail,5
3379,409,21,Meeting,2022-07-27,Coffee meeting downtown,5
3380,409,22,Site Visit,2022-06-22,Campus tour with family,5
3381,410,1,Email,2024-11-13,Shared news article of interest,5
3382,411,1,Email,2025-07-01,Sent birthday greeting,5
3383,411,2,Email,2024-03-09,Shared news article of interest,5
3384,411,3,Phone Call,2023-08-07,Touched base on family news,5
3385,412,1,Meeting,2025-06-28,Stewardship dinner,5
3386,412,2,Meeting,2023-12-17,Lunch at faculty club,5
3387,412,3,Email,2023-12-12,Forwarded dean's letter,5
3388,412,4,Event Attendance,2023-08-27,Regional club event,5
3389,412,5,Phone Call,2023-08-03,Left voicemail,5
3390,412,6,Event Attendance,2022-08-27,Athletic event in donor suite,5
3391,413,1,Email,2026-04-25,Holiday greeting,5
3392,413,2,Email,2024-01-20,Proposal follow-up email,5
3393,413,3,Portfolio Review,2023-08-21,Discussed ask timing with director,5
3394,414,1,Email,2025-09-14,Sent thank-you note,5
3395,414,2,Portfolio Review,2025-08-29,Reviewed prospect strategy with team,5
3396,414,3,Portfolio Review,2023-06-02,Strategy call with leadership,5
3397,414,4,Phone Call,2023-01-11,Introduced new initiative,5
3398,414,5,Event Attendance,2022-12-16,Athletic event in donor suite,5
3399,415,1,Site Visit,2026-04-15,Met scholarship recipient,5
3400,416,1,Email,2025-03-19,Forwarded dean's letter,5
3401,416,2,Email,2025-01-28,Sent birthday greeting,5
3402,416,3,Email,2025-01-02,Annual fund solicitation,5
3403,416,4,Email,2024-07-22,Shared news article of interest,5
3404,416,5,Phone Call,2022-07-12,Introduced new initiative,5
3405,417,1,Event Attendance,2026-04-12,Athletic event in donor suite,5
3406,417,2,Site Visit,2025-12-06,Athletic facility tour,5
3407,417,3,Portfolio Review,2025-11-07,Reviewed prospect strategy with team,5
3408,417,4,Meeting,2025-07-22,Initial in-person meeting,5
3409,417,5,Site Visit,2025-02-07,Visited endowed professorship,5
3410,417,6,Phone Call,2025-01-21,Call re: event invitation,5
3411,417,7,Portfolio Review,2024-12-27,Internal portfolio review,5
3412,417,8,Email,2024-08-18,Sent impact report,5
3413,417,9,Site Visit,2024-08-01,Lab walkthrough with faculty,5
3414,417,10,Phone Call,2024-03-26,Check-in call,5
3415,417,11,Email,2023-10-02,Sent thank-you note,5
3416,417,12,Event Attendance,2023-08-25,Athletic event in donor suite,5
3417,417,13,Event Attendance,2023-07-10,President's dinner,5
3418,417,14,Email,2023-03-25,Sent thank-you note,5
3419,417,15,Site Visit,2023-03-06,Met scholarship recipient,5
3420,417,16,Event Attendance,2023-01-23,Campaign kickoff event,5
3421,417,17,Phone Call,2022-12-20,Left voicemail,5
3422,417,18,Event Attendance,2022-11-21,Homecoming reception,5
3423,417,19,Email,2022-11-03,Sent impact report,5
3424,417,20,Portfolio Review,2022-06-01,Internal portfolio review,5
3425,418,1,Meeting,2024-12-29,Discovery meeting,5
3426,418,2,Email,2024-10-20,Shared news article of interest,5
3427,418,3,Phone Call,2024-04-11,Call re: event invitation,5
3428,418,4,Meeting,2024-01-06,Coffee meeting downtown,5
3429,418,5,Portfolio Review,2023-07-24,Solicitation debrief,5
3430,418,6,Site Visit,2022-06-17,Toured new building,5
